Parameter,Object,Writable,Value,Value type
DeviceID.Manufacturer,false,false,"Huawei Technologies Co., Ltd.",xsd:string
DeviceID.OUI,false,false,202BC1,xsd:string
DeviceID.ProductClass,false,false,BM632w,xsd:string
DeviceID.SerialNumber,false,false,8KA8WA1151100043,xsd:string
InternetGatewayDevice,true,false,,
InternetGatewayDevice.DeviceInfo,true,false,,
InternetGatewayDevice.DeviceInfo.AdditionalSoftwareVersion,false,false,1.0.0,xsd:string
InternetGatewayDevice.DeviceInfo.Description,false,false,Huawei WiMAX Home Gateway,xsd:string
InternetGatewayDevice.DeviceInfo.DeviceLog,false,false,,xsd:string
InternetGatewayDevice.DeviceInfo.HardwareVersion,false,false,40501,xsd:string
InternetGatewayDevice.DeviceInfo.Manufacturer,false,false,"Huawei Technologies Co., Ltd.",xsd:string
InternetGatewayDevice.DeviceInfo.ManufacturerOUI,false,false,202BC1,xsd:string
InternetGatewayDevice.DeviceInfo.ModelName,false,false,BM632w,xsd:string
InternetGatewayDevice.DeviceInfo.ModemFirmwareVersion,false,false,,xsd:string
InternetGatewayDevice.DeviceInfo.ProductClass,false,false,BM632w,xsd:string
InternetGatewayDevice.DeviceInfo.ProvisioningCode,false,true,,xsd:string
InternetGatewayDevice.DeviceInfo.SerialNumber,false,false,0,xsd:string
InternetGatewayDevice.DeviceInfo.SoftwareVersion,false,false,V100R001IRQC56B017,xsd:string
InternetGatewayDevice.DeviceInfo.SpecVersion,false,false,1,xsd:string
InternetGatewayDevice.DeviceInfo.UpTime,false,false,213138,xsd:unsignedInt
InternetGatewayDevice.DeviceInfo.X_HUAWEI_PortalManagement,true,false,,
InternetGatewayDevice.DeviceInfo.X_HUAWEI_PortalManagement.Enable,false,true,false,xsd:boolean
InternetGatewayDevice.DeviceInfo.X_HUAWEI_PortalManagement.PortalUrl-Computer,false,true,,xsd:string
InternetGatewayDevice.DeviceInfo.X_HUAWEI_PortalManagement.PortalUrl-Phone,false,true,,xsd:string
InternetGatewayDevice.DeviceInfo.X_HUAWEI_PortalManagement.PortalUrl-STB,false,true,,xsd:string
InternetGatewayDevice.DeviceInfo.X_HUAWEI_ServiceManage,true,false,,
InternetGatewayDevice.DeviceInfo.X_HUAWEI_ServiceManage.TelnetEnable,false,true,true,xsd:boolean
InternetGatewayDevice.DeviceInfo.X_HUAWEI_ServiceManage.TelnetPort,false,true,23,xsd:int
InternetGatewayDevice.DeviceSummary,false,false,"InternetGatewayDevice:1.1[](Baseline:1, EthernetLAN:1, WiFiLAN:1, WIMAXWAN:1, Bridging:1, Time:1, IPPing:1",xsd:string
InternetGatewayDevice.IDLE,true,false,,
InternetGatewayDevice.IDLE.Enable,false,true,false,xsd:boolean
InternetGatewayDevice.IDLE.WaitTime,false,true,0,xsd:unsignedInt
InternetGatewayDevice.IPPingDiagnostics,true,false,,
InternetGatewayDevice.IPPingDiagnostics.AverageResponseTime,false,false,0,xsd:unsignedInt
InternetGatewayDevice.IPPingDiagnostics.DSCP,false,true,0,xsd:unsignedInt
InternetGatewayDevice.IPPingDiagnostics.DataBlockSize,false,true,0,xsd:unsignedInt
InternetGatewayDevice.IPPingDiagnostics.DiagnosticsState,false,true,None,xsd:string
InternetGatewayDevice.IPPingDiagnostics.FailureCount,false,false,0,xsd:unsignedInt
InternetGatewayDevice.IPPingDiagnostics.Host,false,true,,xsd:string
InternetGatewayDevice.IPPingDiagnostics.Interface,false,true,,xsd:string
InternetGatewayDevice.IPPingDiagnostics.MaximumResponseTime,false,false,0,xsd:unsignedInt
InternetGatewayDevice.IPPingDiagnostics.MinimumResponseTime,false,false,0,xsd:unsignedInt
InternetGatewayDevice.IPPingDiagnostics.NumberOfRepetitions,false,true,0,xsd:unsignedInt
InternetGatewayDevice.IPPingDiagnostics.SuccessCount,false,false,0,xsd:unsignedInt
InternetGatewayDevice.IPPingDiagnostics.Timeout,false,true,0,xsd:unsignedInt
InternetGatewayDevice.LANDevice,true,false,,
InternetGatewayDevice.LANDevice.1,true,false,,
InternetGatewayDevice.LANDevice.1.Hosts,true,false,,
InternetGatewayDevice.LANDevice.1.Hosts.Host,true,false,,
InternetGatewayDevice.LANDevice.1.Hosts.Host.1,true,false,,
InternetGatewayDevice.LANDevice.1.Hosts.Host.1.Active,false,false,true,xsd:boolean
InternetGatewayDevice.LANDevice.1.Hosts.Host.1.AddressSource,false,false,DHCP,xsd:string
InternetGatewayDevice.LANDevice.1.Hosts.Host.1.HostName,false,false,android-d87bf88d22e66acf,xsd:string
InternetGatewayDevice.LANDevice.1.Hosts.Host.1.IPAddress,false,false,192.168.1.2,xsd:string
InternetGatewayDevice.LANDevice.1.Hosts.Host.1.Layer2Interface,false,false,InternetGatewayDevice.LANDevice.1.WLANConfiguration.1,xsd:string
InternetGatewayDevice.LANDevice.1.Hosts.Host.1.LeaseTimeRemaining,false,false,65444,xsd:int
InternetGatewayDevice.LANDevice.1.Hosts.Host.1.MACAddress,false,false,40:B0:FA:9C:4A:50,xsd:string
InternetGatewayDevice.LANDevice.1.Hosts.Host.1.X_HUAWEI_DeviceType,false,false,Computer,xsd:string
InternetGatewayDevice.LANDevice.1.Hosts.Host.2,true,false,,
InternetGatewayDevice.LANDevice.1.Hosts.Host.2.Active,false,false,true,xsd:boolean
InternetGatewayDevice.LANDevice.1.Hosts.Host.2.AddressSource,false,false,DHCP,xsd:string
InternetGatewayDevice.LANDevice.1.Hosts.Host.2.HostName,false,false,android-d91540e8540e9c7a,xsd:string
InternetGatewayDevice.LANDevice.1.Hosts.Host.2.IPAddress,false,false,192.168.1.4,xsd:string
InternetGatewayDevice.LANDevice.1.Hosts.Host.2.Layer2Interface,false,false,InternetGatewayDevice.LANDevice.1.WLANConfiguration.1,xsd:string
InternetGatewayDevice.LANDevice.1.Hosts.Host.2.LeaseTimeRemaining,false,false,71455,xsd:int
InternetGatewayDevice.LANDevice.1.Hosts.Host.2.MACAddress,false,false,10:68:3F:77:88:20,xsd:string
InternetGatewayDevice.LANDevice.1.Hosts.Host.2.X_HUAWEI_DeviceType,false,false,Computer,xsd:string
InternetGatewayDevice.LANDevice.1.Hosts.Host.3,true,false,,
InternetGatewayDevice.LANDevice.1.Hosts.Host.3.Active,false,false,true,xsd:boolean
InternetGatewayDevice.LANDevice.1.Hosts.Host.3.AddressSource,false,false,DHCP,xsd:string
InternetGatewayDevice.LANDevice.1.Hosts.Host.3.HostName,false,false,Lena-PC,xsd:string
InternetGatewayDevice.LANDevice.1.Hosts.Host.3.IPAddress,false,false,192.168.1.5,xsd:string
InternetGatewayDevice.LANDevice.1.Hosts.Host.3.Layer2Interface,false,false,InternetGatewayDevice.LANDevice.1.WLANConfiguration.1,xsd:string
InternetGatewayDevice.LANDevice.1.Hosts.Host.3.LeaseTimeRemaining,false,false,12613,xsd:int
InternetGatewayDevice.LANDevice.1.Hosts.Host.3.MACAddress,false,false,C0:14:3D:C0:CF:93,xsd:string
InternetGatewayDevice.LANDevice.1.Hosts.Host.3.X_HUAWEI_DeviceType,false,false,Computer,xsd:string
InternetGatewayDevice.LANDevice.1.Hosts.Host.4,true,false,,
InternetGatewayDevice.LANDevice.1.Hosts.Host.4.Active,false,false,true,xsd:boolean
InternetGatewayDevice.LANDevice.1.Hosts.Host.4.AddressSource,false,false,DHCP,xsd:string
InternetGatewayDevice.LANDevice.1.Hosts.Host.4.HostName,false,false,localhost,xsd:string
InternetGatewayDevice.LANDevice.1.Hosts.Host.4.IPAddress,false,false,192.168.1.6,xsd:string
InternetGatewayDevice.LANDevice.1.Hosts.Host.4.Layer2Interface,false,false,InternetGatewayDevice.LANDevice.1.WLANConfiguration.1,xsd:string
InternetGatewayDevice.LANDevice.1.Hosts.Host.4.LeaseTimeRemaining,false,false,66289,xsd:int
InternetGatewayDevice.LANDevice.1.Hosts.Host.4.MACAddress,false,false,1C:3E:84:AC:BB:76,xsd:string
InternetGatewayDevice.LANDevice.1.Hosts.Host.4.X_HUAWEI_DeviceType,false,false,Computer,xsd:string
InternetGatewayDevice.LANDevice.1.Hosts.Host.5,true,false,,
InternetGatewayDevice.LANDevice.1.Hosts.Host.5.Active,false,false,true,xsd:boolean
InternetGatewayDevice.LANDevice.1.Hosts.Host.5.AddressSource,false,false,DHCP,xsd:string
InternetGatewayDevice.LANDevice.1.Hosts.Host.5.HostName,false,false,Munas-iphone,xsd:string
InternetGatewayDevice.LANDevice.1.Hosts.Host.5.IPAddress,false,false,192.168.1.7,xsd:string
InternetGatewayDevice.LANDevice.1.Hosts.Host.5.Layer2Interface,false,false,InternetGatewayDevice.LANDevice.1.WLANConfiguration.1,xsd:string
InternetGatewayDevice.LANDevice.1.Hosts.Host.5.LeaseTimeRemaining,false,false,9848,xsd:int
InternetGatewayDevice.LANDevice.1.Hosts.Host.5.MACAddress,false,false,C0:9F:42:56:33:DF,xsd:string
InternetGatewayDevice.LANDevice.1.Hosts.Host.5.X_HUAWEI_DeviceType,false,false,Computer,xsd:string
InternetGatewayDevice.LANDevice.1.Hosts.Host.6,true,false,,
InternetGatewayDevice.LANDevice.1.Hosts.Host.6.Active,false,false,true,xsd:boolean
InternetGatewayDevice.LANDevice.1.Hosts.Host.6.AddressSource,false,false,Static,xsd:string
InternetGatewayDevice.LANDevice.1.Hosts.Host.6.HostName,false,false,,xsd:string
InternetGatewayDevice.LANDevice.1.Hosts.Host.6.IPAddress,false,false,192.168.1.3,xsd:string
InternetGatewayDevice.LANDevice.1.Hosts.Host.6.Layer2Interface,false,false,InternetGatewayDevice.LANDevice.1.WLANConfiguration.1,xsd:string
InternetGatewayDevice.LANDevice.1.Hosts.Host.6.LeaseTimeRemaining,false,false,0,xsd:int
InternetGatewayDevice.LANDevice.1.Hosts.Host.6.MACAddress,false,false,20:10:7a:08:4d:43,xsd:string
InternetGatewayDevice.LANDevice.1.Hosts.Host.6.X_HUAWEI_DeviceType,false,false,Computer,xsd:string
InternetGatewayDevice.LANDevice.1.Hosts.HostNumberOfEntries,false,false,6,xsd:unsignedInt
InternetGatewayDevice.LANDevice.1.Hosts.X_HUAWEI_Host,true,true,,
InternetGatewayDevice.LANDevice.1.LANEthernetInterfaceConfig,true,false,,
InternetGatewayDevice.LANDevice.1.LANEthernetInterfaceConfig.1,true,false,,
InternetGatewayDevice.LANDevice.1.LANEthernetInterfaceConfig.1.Enable,false,true,true,xsd:boolean
InternetGatewayDevice.LANDevice.1.LANEthernetInterfaceConfig.1.MACAddress,false,false,20:2B:C1:E0:06:66,xsd:string
InternetGatewayDevice.LANDevice.1.LANEthernetInterfaceConfig.1.Stats,true,false,,
InternetGatewayDevice.LANDevice.1.LANEthernetInterfaceConfig.1.Stats.BytesReceived,false,false,0,xsd:unsignedInt
InternetGatewayDevice.LANDevice.1.LANEthernetInterfaceConfig.1.Stats.BytesSent,false,false,14656,xsd:unsignedInt
InternetGatewayDevice.LANDevice.1.LANEthernetInterfaceConfig.1.Stats.PacketsReceived,false,false,0,xsd:unsignedInt
InternetGatewayDevice.LANDevice.1.LANEthernetInterfaceConfig.1.Stats.PacketsSent,false,false,229,xsd:unsignedInt
InternetGatewayDevice.LANDevice.1.LANEthernetInterfaceConfig.1.Stats.X_HUAWEI_PacketsReceivedDrops,false,false,0,xsd:unsignedInt
InternetGatewayDevice.LANDevice.1.LANEthernetInterfaceConfig.1.Stats.X_HUAWEI_PacketsReceivedError,false,false,0,xsd:unsignedInt
InternetGatewayDevice.LANDevice.1.LANEthernetInterfaceConfig.1.Stats.X_HUAWEI_PacketsSentDrops,false,false,0,xsd:unsignedInt
InternetGatewayDevice.LANDevice.1.LANEthernetInterfaceConfig.1.Stats.X_HUAWEI_PacketsSentError,false,false,0,xsd:unsignedInt
InternetGatewayDevice.LANDevice.1.LANEthernetInterfaceConfig.1.Status,false,false,NoLink,xsd:string
InternetGatewayDevice.LANDevice.1.LANEthernetInterfaceConfig.2,true,false,,
InternetGatewayDevice.LANDevice.1.LANEthernetInterfaceConfig.2.Enable,false,true,true,xsd:boolean
InternetGatewayDevice.LANDevice.1.LANEthernetInterfaceConfig.2.MACAddress,false,false,20:2B:C1:E0:06:66,xsd:string
InternetGatewayDevice.LANDevice.1.LANEthernetInterfaceConfig.2.Stats,true,false,,
InternetGatewayDevice.LANDevice.1.LANEthernetInterfaceConfig.2.Stats.BytesReceived,false,false,0,xsd:unsignedInt
InternetGatewayDevice.LANDevice.1.LANEthernetInterfaceConfig.2.Stats.BytesSent,false,false,14400,xsd:unsignedInt
InternetGatewayDevice.LANDevice.1.LANEthernetInterfaceConfig.2.Stats.PacketsReceived,false,false,0,xsd:unsignedInt
InternetGatewayDevice.LANDevice.1.LANEthernetInterfaceConfig.2.Stats.PacketsSent,false,false,225,xsd:unsignedInt
InternetGatewayDevice.LANDevice.1.LANEthernetInterfaceConfig.2.Stats.X_HUAWEI_PacketsReceivedDrops,false,false,0,xsd:unsignedInt
InternetGatewayDevice.LANDevice.1.LANEthernetInterfaceConfig.2.Stats.X_HUAWEI_PacketsReceivedError,false,false,0,xsd:unsignedInt
InternetGatewayDevice.LANDevice.1.LANEthernetInterfaceConfig.2.Stats.X_HUAWEI_PacketsSentDrops,false,false,0,xsd:unsignedInt
InternetGatewayDevice.LANDevice.1.LANEthernetInterfaceConfig.2.Stats.X_HUAWEI_PacketsSentError,false,false,0,xsd:unsignedInt
InternetGatewayDevice.LANDevice.1.LANEthernetInterfaceConfig.2.Status,false,false,NoLink,xsd:string
InternetGatewayDevice.LANDevice.1.LANEthernetInterfaceConfig.3,true,false,,
InternetGatewayDevice.LANDevice.1.LANEthernetInterfaceConfig.3.Enable,false,true,true,xsd:boolean
InternetGatewayDevice.LANDevice.1.LANEthernetInterfaceConfig.3.MACAddress,false,false,20:2B:C1:E0:06:66,xsd:string
InternetGatewayDevice.LANDevice.1.LANEthernetInterfaceConfig.3.Stats,true,false,,
InternetGatewayDevice.LANDevice.1.LANEthernetInterfaceConfig.3.Stats.BytesReceived,false,false,0,xsd:unsignedInt
InternetGatewayDevice.LANDevice.1.LANEthernetInterfaceConfig.3.Stats.BytesSent,false,false,13248,xsd:unsignedInt
InternetGatewayDevice.LANDevice.1.LANEthernetInterfaceConfig.3.Stats.PacketsReceived,false,false,0,xsd:unsignedInt
InternetGatewayDevice.LANDevice.1.LANEthernetInterfaceConfig.3.Stats.PacketsSent,false,false,207,xsd:unsignedInt
InternetGatewayDevice.LANDevice.1.LANEthernetInterfaceConfig.3.Stats.X_HUAWEI_PacketsReceivedDrops,false,false,0,xsd:unsignedInt
InternetGatewayDevice.LANDevice.1.LANEthernetInterfaceConfig.3.Stats.X_HUAWEI_PacketsReceivedError,false,false,0,xsd:unsignedInt
InternetGatewayDevice.LANDevice.1.LANEthernetInterfaceConfig.3.Stats.X_HUAWEI_PacketsSentDrops,false,false,0,xsd:unsignedInt
InternetGatewayDevice.LANDevice.1.LANEthernetInterfaceConfig.3.Stats.X_HUAWEI_PacketsSentError,false,false,0,xsd:unsignedInt
InternetGatewayDevice.LANDevice.1.LANEthernetInterfaceConfig.3.Status,false,false,NoLink,xsd:string
InternetGatewayDevice.LANDevice.1.LANEthernetInterfaceConfig.4,true,false,,
InternetGatewayDevice.LANDevice.1.LANEthernetInterfaceConfig.4.Enable,false,true,true,xsd:boolean
InternetGatewayDevice.LANDevice.1.LANEthernetInterfaceConfig.4.MACAddress,false,false,20:2B:C1:E0:06:66,xsd:string
InternetGatewayDevice.LANDevice.1.LANEthernetInterfaceConfig.4.Stats,true,false,,
InternetGatewayDevice.LANDevice.1.LANEthernetInterfaceConfig.4.Stats.BytesReceived,false,false,0,xsd:unsignedInt
InternetGatewayDevice.LANDevice.1.LANEthernetInterfaceConfig.4.Stats.BytesSent,false,false,12864,xsd:unsignedInt
InternetGatewayDevice.LANDevice.1.LANEthernetInterfaceConfig.4.Stats.PacketsReceived,false,false,0,xsd:unsignedInt
InternetGatewayDevice.LANDevice.1.LANEthernetInterfaceConfig.4.Stats.PacketsSent,false,false,201,xsd:unsignedInt
InternetGatewayDevice.LANDevice.1.LANEthernetInterfaceConfig.4.Stats.X_HUAWEI_PacketsReceivedDrops,false,false,0,xsd:unsignedInt
InternetGatewayDevice.LANDevice.1.LANEthernetInterfaceConfig.4.Stats.X_HUAWEI_PacketsReceivedError,false,false,0,xsd:unsignedInt
InternetGatewayDevice.LANDevice.1.LANEthernetInterfaceConfig.4.Stats.X_HUAWEI_PacketsSentDrops,false,false,0,xsd:unsignedInt
InternetGatewayDevice.LANDevice.1.LANEthernetInterfaceConfig.4.Stats.X_HUAWEI_PacketsSentError,false,false,0,xsd:unsignedInt
InternetGatewayDevice.LANDevice.1.LANEthernetInterfaceConfig.4.Status,false,false,NoLink,xsd:string
InternetGatewayDevice.LANDevice.1.LANEthernetInterfaceNumberOfEntries,false,false,4,xsd:unsignedInt
InternetGatewayDevice.LANDevice.1.LANHostConfigManagement,true,false,,
InternetGatewayDevice.LANDevice.1.LANHostConfigManagement.DHCPConditionalPoolNumberOfEntries,false,false,4,xsd:unsignedInt
InternetGatewayDevice.LANDevice.1.LANHostConfigManagement.DHCPConditionalServingPool,true,true,,
InternetGatewayDevice.LANDevice.1.LANHostConfigManagement.DHCPConditionalServingPool.1,true,true,,
InternetGatewayDevice.LANDevice.1.LANHostConfigManagement.DHCPConditionalServingPool.1.Enable,false,true,true,xsd:boolean
InternetGatewayDevice.LANDevice.1.LANHostConfigManagement.DHCPConditionalServingPool.1.MaxAddress,false,true,0.0.0.0,xsd:string
InternetGatewayDevice.LANDevice.1.LANHostConfigManagement.DHCPConditionalServingPool.1.MinAddress,false,true,0.0.0.0,xsd:string
InternetGatewayDevice.LANDevice.1.LANHostConfigManagement.DHCPConditionalServingPool.1.VendorClassID,false,true,STB,xsd:string
InternetGatewayDevice.LANDevice.1.LANHostConfigManagement.DHCPConditionalServingPool.1.X_HUAWEI_DeviveDhcpRelay,false,true,false,xsd:boolean
InternetGatewayDevice.LANDevice.1.LANHostConfigManagement.DHCPConditionalServingPool.2,true,true,,
InternetGatewayDevice.LANDevice.1.LANHostConfigManagement.DHCPConditionalServingPool.2.Enable,false,true,true,xsd:boolean
InternetGatewayDevice.LANDevice.1.LANHostConfigManagement.DHCPConditionalServingPool.2.MaxAddress,false,true,0.0.0.0,xsd:string
InternetGatewayDevice.LANDevice.1.LANHostConfigManagement.DHCPConditionalServingPool.2.MinAddress,false,true,0.0.0.0,xsd:string
InternetGatewayDevice.LANDevice.1.LANHostConfigManagement.DHCPConditionalServingPool.2.VendorClassID,false,true,Phone,xsd:string
InternetGatewayDevice.LANDevice.1.LANHostConfigManagement.DHCPConditionalServingPool.2.X_HUAWEI_DeviveDhcpRelay,false,true,false,xsd:boolean
InternetGatewayDevice.LANDevice.1.LANHostConfigManagement.DHCPConditionalServingPool.3,true,true,,
InternetGatewayDevice.LANDevice.1.LANHostConfigManagement.DHCPConditionalServingPool.3.Enable,false,true,true,xsd:boolean
InternetGatewayDevice.LANDevice.1.LANHostConfigManagement.DHCPConditionalServingPool.3.MaxAddress,false,true,0.0.0.0,xsd:string
InternetGatewayDevice.LANDevice.1.LANHostConfigManagement.DHCPConditionalServingPool.3.MinAddress,false,true,0.0.0.0,xsd:string
InternetGatewayDevice.LANDevice.1.LANHostConfigManagement.DHCPConditionalServingPool.3.VendorClassID,false,true,Camera,xsd:string
InternetGatewayDevice.LANDevice.1.LANHostConfigManagement.DHCPConditionalServingPool.3.X_HUAWEI_DeviveDhcpRelay,false,true,false,xsd:boolean
InternetGatewayDevice.LANDevice.1.LANHostConfigManagement.DHCPConditionalServingPool.4,true,true,,
InternetGatewayDevice.LANDevice.1.LANHostConfigManagement.DHCPConditionalServingPool.4.Enable,false,true,true,xsd:boolean
InternetGatewayDevice.LANDevice.1.LANHostConfigManagement.DHCPConditionalServingPool.4.MaxAddress,false,true,0.0.0.0,xsd:string
InternetGatewayDevice.LANDevice.1.LANHostConfigManagement.DHCPConditionalServingPool.4.MinAddress,false,true,0.0.0.0,xsd:string
InternetGatewayDevice.LANDevice.1.LANHostConfigManagement.DHCPConditionalServingPool.4.VendorClassID,false,true,Computer,xsd:string
InternetGatewayDevice.LANDevice.1.LANHostConfigManagement.DHCPConditionalServingPool.4.X_HUAWEI_DeviveDhcpRelay,false,true,false,xsd:boolean
InternetGatewayDevice.LANDevice.1.LANHostConfigManagement.DHCPLeaseTime,false,true,86400,xsd:int
InternetGatewayDevice.LANDevice.1.LANHostConfigManagement.DHCPServerEnable,false,true,true,xsd:boolean
InternetGatewayDevice.LANDevice.1.LANHostConfigManagement.DHCPStaticAddress,true,true,,
InternetGatewayDevice.LANDevice.1.LANHostConfigManagement.DHCPStaticAddressNumberOfEntries,false,false,0,xsd:unsignedInt
InternetGatewayDevice.LANDevice.1.LANHostConfigManagement.DNSServers,false,true,,xsd:string
InternetGatewayDevice.LANDevice.1.LANHostConfigManagement.DomainName,false,true,,xsd:string
InternetGatewayDevice.LANDevice.1.LANHostConfigManagement.IPInterface,true,false,,
InternetGatewayDevice.LANDevice.1.LANHostConfigManagement.IPInterface.1,true,false,,
InternetGatewayDevice.LANDevice.1.LANHostConfigManagement.IPInterface.1.Enable,false,true,false,xsd:boolean
InternetGatewayDevice.LANDevice.1.LANHostConfigManagement.IPInterface.1.IPInterfaceAddressingType,false,true,DHCP,xsd:string
InternetGatewayDevice.LANDevice.1.LANHostConfigManagement.IPInterface.1.IPInterfaceIPAddress,false,true,192.168.1.1,xsd:string
InternetGatewayDevice.LANDevice.1.LANHostConfigManagement.IPInterface.1.IPInterfaceSubnetMask,false,true,255.255.255.0,xsd:string
InternetGatewayDevice.LANDevice.1.LANHostConfigManagement.IPInterfaceNumberOfEntries,false,false,1,xsd:unsignedInt
InternetGatewayDevice.LANDevice.1.LANHostConfigManagement.IPRouters,false,true,,xsd:string
InternetGatewayDevice.LANDevice.1.LANHostConfigManagement.MaxAddress,false,true,192.168.1.254,xsd:string
InternetGatewayDevice.LANDevice.1.LANHostConfigManagement.MinAddress,false,true,192.168.1.2,xsd:string
InternetGatewayDevice.LANDevice.1.LANHostConfigManagement.ReservedAddresses,false,true,,xsd:string
InternetGatewayDevice.LANDevice.1.LANHostConfigManagement.X_HUAWEI_PortRelayNumberOfEntries,false,false,0,xsd:unsignedInt
InternetGatewayDevice.LANDevice.1.LANWLANConfigurationNumberOfEntries,false,false,1,xsd:unsignedInt
InternetGatewayDevice.LANDevice.1.WLANConfiguration,true,false,,
InternetGatewayDevice.LANDevice.1.WLANConfiguration.1,true,false,,
InternetGatewayDevice.LANDevice.1.WLANConfiguration.1.AssociatedDevice,true,false,,
InternetGatewayDevice.LANDevice.1.WLANConfiguration.1.AssociatedDevice.1,true,false,,
InternetGatewayDevice.LANDevice.1.WLANConfiguration.1.AssociatedDevice.1.AssociatedDeviceMACAddress,false,false,40:B0:FA:9C:4A:50,xsd:string
InternetGatewayDevice.LANDevice.1.WLANConfiguration.1.AssociatedDevice.2,true,false,,
InternetGatewayDevice.LANDevice.1.WLANConfiguration.1.AssociatedDevice.2.AssociatedDeviceMACAddress,false,false,10:68:3F:77:88:20,xsd:string
InternetGatewayDevice.LANDevice.1.WLANConfiguration.1.AssociatedDevice.3,true,false,,
InternetGatewayDevice.LANDevice.1.WLANConfiguration.1.AssociatedDevice.3.AssociatedDeviceMACAddress,false,false,1C:3E:84:AC:BB:76,xsd:string
InternetGatewayDevice.LANDevice.1.WLANConfiguration.1.AutoChannelEnable,false,true,true,xsd:boolean
InternetGatewayDevice.LANDevice.1.WLANConfiguration.1.BSSID,false,false,20:2B:C1:E0:06:67,xsd:string
InternetGatewayDevice.LANDevice.1.WLANConfiguration.1.BasicAuthenticationMode,false,true,None,xsd:string
InternetGatewayDevice.LANDevice.1.WLANConfiguration.1.BasicEncryptionModes,false,true,None,xsd:string
InternetGatewayDevice.LANDevice.1.WLANConfiguration.1.BeaconType,false,true,WPAWPA2,xsd:string
InternetGatewayDevice.LANDevice.1.WLANConfiguration.1.Channel,false,true,6,xsd:int
InternetGatewayDevice.LANDevice.1.WLANConfiguration.1.Enable,false,true,true,xsd:boolean
InternetGatewayDevice.LANDevice.1.WLANConfiguration.1.IEEE11iAuthenticationMode,false,true,PSKAuthentication,xsd:string
InternetGatewayDevice.LANDevice.1.WLANConfiguration.1.IEEE11iEncryptionModes,false,true,AESEncryption,xsd:string
InternetGatewayDevice.LANDevice.1.WLANConfiguration.1.MACAddressControlEnabled,false,true,false,xsd:boolean
InternetGatewayDevice.LANDevice.1.WLANConfiguration.1.MaxBitRate,false,true,Auto,xsd:string
InternetGatewayDevice.LANDevice.1.WLANConfiguration.1.PreSharedKey,true,false,,
InternetGatewayDevice.LANDevice.1.WLANConfiguration.1.PreSharedKey.1,true,false,,
InternetGatewayDevice.LANDevice.1.WLANConfiguration.1.PreSharedKey.1.PreSharedKey,false,true,,xsd:string
InternetGatewayDevice.LANDevice.1.WLANConfiguration.1.RegulatoryDomain,false,true,IQ,xsd:string
InternetGatewayDevice.LANDevice.1.WLANConfiguration.1.SSID,false,true,404 WiMAX Not Found,xsd:string
InternetGatewayDevice.LANDevice.1.WLANConfiguration.1.SSIDAdvertisementEnabled,false,true,true,xsd:boolean
InternetGatewayDevice.LANDevice.1.WLANConfiguration.1.Standard,false,true,b/g/n,xsd:string
InternetGatewayDevice.LANDevice.1.WLANConfiguration.1.Status,false,false,up,xsd:string
InternetGatewayDevice.LANDevice.1.WLANConfiguration.1.TotalAssociations,false,false,3,xsd:unsignedInt
InternetGatewayDevice.LANDevice.1.WLANConfiguration.1.TotalBytesReceived,false,false,1072479591,xsd:unsignedInt
InternetGatewayDevice.LANDevice.1.WLANConfiguration.1.TotalBytesSent,false,false,1040264440,xsd:unsignedInt
InternetGatewayDevice.LANDevice.1.WLANConfiguration.1.TotalPacketsReceived,false,false,5033167,xsd:unsignedInt
InternetGatewayDevice.LANDevice.1.WLANConfiguration.1.TotalPacketsSent,false,false,2037903,xsd:unsignedInt
InternetGatewayDevice.LANDevice.1.WLANConfiguration.1.WEPEncryptionLevel,false,true,104-bit,xsd:string
InternetGatewayDevice.LANDevice.1.WLANConfiguration.1.WEPKey,true,false,,
InternetGatewayDevice.LANDevice.1.WLANConfiguration.1.WEPKey.1,true,false,,
InternetGatewayDevice.LANDevice.1.WLANConfiguration.1.WEPKey.1.WEPKey,false,true,,xsd:string
InternetGatewayDevice.LANDevice.1.WLANConfiguration.1.WEPKey.2,true,false,,
InternetGatewayDevice.LANDevice.1.WLANConfiguration.1.WEPKey.2.WEPKey,false,true,,xsd:string
InternetGatewayDevice.LANDevice.1.WLANConfiguration.1.WEPKey.3,true,false,,
InternetGatewayDevice.LANDevice.1.WLANConfiguration.1.WEPKey.3.WEPKey,false,true,,xsd:string
InternetGatewayDevice.LANDevice.1.WLANConfiguration.1.WEPKey.4,true,false,,
InternetGatewayDevice.LANDevice.1.WLANConfiguration.1.WEPKey.4.WEPKey,false,true,,xsd:string
InternetGatewayDevice.LANDevice.1.WLANConfiguration.1.WEPKeyIndex,false,true,1,xsd:int
InternetGatewayDevice.LANDevice.1.WLANConfiguration.1.WMMEnable,false,true,false,xsd:boolean
InternetGatewayDevice.LANDevice.1.WLANConfiguration.1.WPAAuthenticationMode,false,true,PSKAuthentication,xsd:string
InternetGatewayDevice.LANDevice.1.WLANConfiguration.1.WPAEncryptionModes,false,true,AESEncryption,xsd:string
InternetGatewayDevice.LANDevice.1.WLANConfiguration.1.WPS,true,false,,
InternetGatewayDevice.LANDevice.1.WLANConfiguration.1.WPS.DevicePassword,false,true,,xsd:string
InternetGatewayDevice.LANDevice.1.WLANConfiguration.1.WPS.Enable,false,true,false,xsd:boolean
InternetGatewayDevice.LANDevice.1.WLANConfiguration.1.WPS.PinPhrase,false,true,,xsd:string
InternetGatewayDevice.LANDevice.1.WLANConfiguration.1.WPS.X_HUAWEI_WPSMode,false,true,ap-pbc,xsd:string
InternetGatewayDevice.LANDevice.1.WLANConfiguration.1.X_HUAWEI_AssociateDeviceNum,false,true,32,xsd:unsignedInt
InternetGatewayDevice.LANDevice.1.WLANConfiguration.1.X_HUAWEI_ChannelUsed,false,false,9,xsd:int
InternetGatewayDevice.LANDevice.1.WLANConfiguration.1.X_HUAWEI_MixedAuthenticationMode,false,true,PSKAuthentication,xsd:string
InternetGatewayDevice.LANDevice.1.WLANConfiguration.1.X_HUAWEI_MixedEncryptionModes,false,true,TKIPandAESEncryption,xsd:string
InternetGatewayDevice.LANDevice.1.WLANConfiguration.1.X_HUAWEI_PowerValue,false,true,12,xsd:unsignedInt
InternetGatewayDevice.LANDevice.1.WLANConfiguration.1.X_HUAWEI_TotalBytesReceivedError,false,false,0,xsd:unsignedInt
InternetGatewayDevice.LANDevice.1.WLANConfiguration.1.X_HUAWEI_TotalBytesSentError,false,false,0,xsd:unsignedInt
InternetGatewayDevice.LANDevice.1.WLANConfiguration.1.X_HUAWEI_TotalPacketsReceivedError,false,false,0,xsd:unsignedInt
InternetGatewayDevice.LANDevice.1.WLANConfiguration.1.X_HUAWEI_TotalPacketsSentError,false,false,0,xsd:unsignedInt
InternetGatewayDevice.LANDevice.1.WLANConfiguration.1.X_HUAWEI_WLANVersion,false,false,wlacmd_atpv001r001,xsd:string
InternetGatewayDevice.LANDevice.1.WLANConfiguration.1.X_HUAWEI_Wlan11NBWControl,false,true,20/40,xsd:string
InternetGatewayDevice.LANDevice.1.WLANConfiguration.1.X_HUAWEI_Wlan11NGIControl,false,true,long,xsd:string
InternetGatewayDevice.LANDevice.1.WLANConfiguration.1.X_HUAWEI_Wlan11NHtMcs,false,true,33,xsd:int
InternetGatewayDevice.LANDevice.1.WLANConfiguration.1.X_HUAWEI_Wlan11NTxRxStream,false,false,1,xsd:int
InternetGatewayDevice.LANDevice.1.WLANConfiguration.1.X_HUAWEI_WlanIsolateControl,false,true,false,xsd:boolean
InternetGatewayDevice.LANDevice.1.WLANConfiguration.1.X_HUAWEI_WlanMacFilter,true,true,,
InternetGatewayDevice.LANDevice.1.WLANConfiguration.1.X_HUAWEI_WlanMacFilternum,false,false,0,xsd:unsignedInt
InternetGatewayDevice.LANDevice.1.WLANConfiguration.1.X_HUAWEI_WlanMacFilterpolicy,false,true,false,xsd:boolean
InternetGatewayDevice.LANDevice.1.WLANConfiguration.1.X_HUAWEI_WlanStaWakeEnable,false,true,false,xsd:boolean
InternetGatewayDevice.LANDevice.1.X_HUAWEI_WLANEnable,false,true,true,xsd:boolean
InternetGatewayDevice.LANDeviceNumberOfEntries,false,false,1,xsd:unsignedInt
InternetGatewayDevice.Layer2Bridging,true,false,,
InternetGatewayDevice.Layer2Bridging.AvailableInterface,true,false,,
InternetGatewayDevice.Layer2Bridging.AvailableInterface.1,true,false,,
InternetGatewayDevice.Layer2Bridging.AvailableInterface.1.AvailableInterfaceKey,false,false,1,xsd:unsignedInt
InternetGatewayDevice.Layer2Bridging.AvailableInterface.1.InterfaceReference,false,false,InternetGatewayDevice.LANDevice.1.LANEthernetInterfaceConfig.1,xsd:string
InternetGatewayDevice.Layer2Bridging.AvailableInterface.1.InterfaceType,false,false,LANInterface,xsd:string
InternetGatewayDevice.Layer2Bridging.AvailableInterface.2,true,false,,
InternetGatewayDevice.Layer2Bridging.AvailableInterface.2.AvailableInterfaceKey,false,false,2,xsd:unsignedInt
InternetGatewayDevice.Layer2Bridging.AvailableInterface.2.InterfaceReference,false,false,InternetGatewayDevice.LANDevice.1.LANEthernetInterfaceConfig.2,xsd:string
InternetGatewayDevice.Layer2Bridging.AvailableInterface.2.InterfaceType,false,false,LANInterface,xsd:string
InternetGatewayDevice.Layer2Bridging.AvailableInterface.3,true,false,,
InternetGatewayDevice.Layer2Bridging.AvailableInterface.3.AvailableInterfaceKey,false,false,3,xsd:unsignedInt
InternetGatewayDevice.Layer2Bridging.AvailableInterface.3.InterfaceReference,false,false,InternetGatewayDevice.LANDevice.1.LANEthernetInterfaceConfig.3,xsd:string
InternetGatewayDevice.Layer2Bridging.AvailableInterface.3.InterfaceType,false,false,LANInterface,xsd:string
InternetGatewayDevice.Layer2Bridging.AvailableInterface.4,true,false,,
InternetGatewayDevice.Layer2Bridging.AvailableInterface.4.AvailableInterfaceKey,false,false,4,xsd:unsignedInt
InternetGatewayDevice.Layer2Bridging.AvailableInterface.4.InterfaceReference,false,false,InternetGatewayDevice.LANDevice.1.LANEthernetInterfaceConfig.4,xsd:string
InternetGatewayDevice.Layer2Bridging.AvailableInterface.4.InterfaceType,false,false,LANInterface,xsd:string
InternetGatewayDevice.Layer2Bridging.AvailableInterface.5,true,false,,
InternetGatewayDevice.Layer2Bridging.AvailableInterface.5.AvailableInterfaceKey,false,false,5,xsd:unsignedInt
InternetGatewayDevice.Layer2Bridging.AvailableInterface.5.InterfaceReference,false,false,InternetGatewayDevice.LANDevice.1.WLANConfiguration.1,xsd:string
InternetGatewayDevice.Layer2Bridging.AvailableInterface.5.InterfaceType,false,false,LANInterface,xsd:string
InternetGatewayDevice.Layer2Bridging.AvailableInterface.6,true,false,,
InternetGatewayDevice.Layer2Bridging.AvailableInterface.6.AvailableInterfaceKey,false,false,6,xsd:unsignedInt
InternetGatewayDevice.Layer2Bridging.AvailableInterface.6.InterfaceReference,false,false,InternetGatewayDevice.WANDevice.1.WANConnectionDevice.1.WANIPConnection.1,xsd:string
InternetGatewayDevice.Layer2Bridging.AvailableInterface.6.InterfaceType,false,false,WANRouterConnection,xsd:string
InternetGatewayDevice.Layer2Bridging.AvailableInterfaceNumberOfEntries,false,false,6,xsd:unsignedInt
InternetGatewayDevice.Layer2Bridging.Bridge,true,false,,
InternetGatewayDevice.Layer2Bridging.Bridge.1,true,false,,
InternetGatewayDevice.Layer2Bridging.Bridge.1.BridgeName,false,true,br0,xsd:string
InternetGatewayDevice.Layer2Bridging.BridgeNumberOfEntries,false,false,1,xsd:unsignedInt
InternetGatewayDevice.Layer2Bridging.MaxBridgeEntries,false,false,1,xsd:unsignedInt
InternetGatewayDevice.Layer2Bridging.X_HUAWEI_VLAN,true,true,,
InternetGatewayDevice.Layer2Bridging.X_HUAWEI_VLAN.X_HUAWEI_Enable,false,true,false,xsd:boolean
InternetGatewayDevice.Layer2Bridging.X_HUAWEI_VLAN.X_HUAWEI_Filter,true,true,,
InternetGatewayDevice.Layer2Bridging.X_HUAWEI_VLAN.X_HUAWEI_InterfacePolicy,true,true,,
InternetGatewayDevice.Layer2Bridging.X_HUAWEI_VLAN.X_HUAWEI_InterfacePolicy.1,true,true,,
InternetGatewayDevice.Layer2Bridging.X_HUAWEI_VLAN.X_HUAWEI_InterfacePolicy.1.X_HUAWEI_InterfaceLinkType,false,true,2,xsd:unsignedInt
InternetGatewayDevice.Layer2Bridging.X_HUAWEI_VLAN.X_HUAWEI_InterfacePolicy.1.X_HUAWEI_InterfaceName,false,false,LAN,xsd:string
InternetGatewayDevice.Layer2Bridging.X_HUAWEI_VLAN.X_HUAWEI_InterfacePolicy.1.X_HUAWEI_InterfaceTagType,false,true,1,xsd:unsignedInt
InternetGatewayDevice.Layer2Bridging.X_HUAWEI_VLAN.X_HUAWEI_InterfacePolicy.1.X_HUAWEI_VLANCFI,false,true,0,xsd:unsignedInt
InternetGatewayDevice.Layer2Bridging.X_HUAWEI_VLAN.X_HUAWEI_InterfacePolicy.1.X_HUAWEI_VLANID,false,true,0,xsd:unsignedInt
InternetGatewayDevice.Layer2Bridging.X_HUAWEI_VLAN.X_HUAWEI_InterfacePolicy.1.X_HUAWEI_VLANPRI,false,true,0,xsd:unsignedInt
InternetGatewayDevice.Layer2Bridging.X_HUAWEI_VLAN.X_HUAWEI_InterfacePolicy.2,true,true,,
InternetGatewayDevice.Layer2Bridging.X_HUAWEI_VLAN.X_HUAWEI_InterfacePolicy.2.X_HUAWEI_InterfaceLinkType,false,true,1,xsd:unsignedInt
InternetGatewayDevice.Layer2Bridging.X_HUAWEI_VLAN.X_HUAWEI_InterfacePolicy.2.X_HUAWEI_InterfaceName,false,false,WAN,xsd:string
InternetGatewayDevice.Layer2Bridging.X_HUAWEI_VLAN.X_HUAWEI_InterfacePolicy.2.X_HUAWEI_InterfaceTagType,false,true,1,xsd:unsignedInt
InternetGatewayDevice.Layer2Bridging.X_HUAWEI_VLAN.X_HUAWEI_InterfacePolicy.2.X_HUAWEI_VLANCFI,false,true,0,xsd:unsignedInt
InternetGatewayDevice.Layer2Bridging.X_HUAWEI_VLAN.X_HUAWEI_InterfacePolicy.2.X_HUAWEI_VLANID,false,true,0,xsd:unsignedInt
InternetGatewayDevice.Layer2Bridging.X_HUAWEI_VLAN.X_HUAWEI_InterfacePolicy.2.X_HUAWEI_VLANPRI,false,true,0,xsd:unsignedInt
InternetGatewayDevice.Layer2Bridging.X_HUAWEI_VLAN.X_HUAWEI_InterfacePolicy.3,true,true,,
InternetGatewayDevice.Layer2Bridging.X_HUAWEI_VLAN.X_HUAWEI_InterfacePolicy.3.X_HUAWEI_InterfaceLinkType,false,true,0,xsd:unsignedInt
InternetGatewayDevice.Layer2Bridging.X_HUAWEI_VLAN.X_HUAWEI_InterfacePolicy.3.X_HUAWEI_InterfaceName,false,false,IAD,xsd:string
InternetGatewayDevice.Layer2Bridging.X_HUAWEI_VLAN.X_HUAWEI_InterfacePolicy.3.X_HUAWEI_InterfaceTagType,false,true,0,xsd:unsignedInt
InternetGatewayDevice.Layer2Bridging.X_HUAWEI_VLAN.X_HUAWEI_InterfacePolicy.3.X_HUAWEI_VLANCFI,false,true,0,xsd:unsignedInt
InternetGatewayDevice.Layer2Bridging.X_HUAWEI_VLAN.X_HUAWEI_InterfacePolicy.3.X_HUAWEI_VLANID,false,true,0,xsd:unsignedInt
InternetGatewayDevice.Layer2Bridging.X_HUAWEI_VLAN.X_HUAWEI_InterfacePolicy.3.X_HUAWEI_VLANPRI,false,true,0,xsd:unsignedInt
InternetGatewayDevice.Layer2Bridging.X_HUAWEI_VLAN.X_HUAWEI_InterfacePolicy.4,true,true,,
InternetGatewayDevice.Layer2Bridging.X_HUAWEI_VLAN.X_HUAWEI_InterfacePolicy.4.X_HUAWEI_InterfaceLinkType,false,true,0,xsd:unsignedInt
InternetGatewayDevice.Layer2Bridging.X_HUAWEI_VLAN.X_HUAWEI_InterfacePolicy.4.X_HUAWEI_InterfaceName,false,false,WLAN,xsd:string
InternetGatewayDevice.Layer2Bridging.X_HUAWEI_VLAN.X_HUAWEI_InterfacePolicy.4.X_HUAWEI_InterfaceTagType,false,true,0,xsd:unsignedInt
InternetGatewayDevice.Layer2Bridging.X_HUAWEI_VLAN.X_HUAWEI_InterfacePolicy.4.X_HUAWEI_VLANCFI,false,true,0,xsd:unsignedInt
InternetGatewayDevice.Layer2Bridging.X_HUAWEI_VLAN.X_HUAWEI_InterfacePolicy.4.X_HUAWEI_VLANID,false,true,0,xsd:unsignedInt
InternetGatewayDevice.Layer2Bridging.X_HUAWEI_VLAN.X_HUAWEI_InterfacePolicy.4.X_HUAWEI_VLANPRI,false,true,0,xsd:unsignedInt
InternetGatewayDevice.Layer2Bridging.X_HUAWEI_VLAN.X_HUAWEI_MaxFilterEntries,false,false,15,xsd:unsignedInt
InternetGatewayDevice.Layer2Bridging.X_HUAWEI_VLAN.X_HUAWEI_MaxInterfacePolicyEntries,false,false,4,xsd:unsignedInt
InternetGatewayDevice.Layer3Forwarding,true,false,,
InternetGatewayDevice.Layer3Forwarding.DefaultConnectionService,false,true,,xsd:string
InternetGatewayDevice.Layer3Forwarding.ForwardNumberOfEntries,false,false,0,xsd:unsignedInt
InternetGatewayDevice.Layer3Forwarding.Forwarding,true,true,,
InternetGatewayDevice.Layer3Forwarding.X_HUAWEI_AutoDefaultGatewayEnable,false,true,false,xsd:boolean
InternetGatewayDevice.Layer3Forwarding.X_HUAWEI_DefaultGatewayIPAddress,false,true,,xsd:string
InternetGatewayDevice.Layer3QoS,true,false,,
InternetGatewayDevice.Layer3QoS.AvailableInterfaceNumberOfEntries,false,false,0,xsd:unsignedInt
InternetGatewayDevice.Layer3QoS.Enable,false,true,true,xsd:boolean
InternetGatewayDevice.Layer3QoS.InterfaceQualityService,true,false,,
InternetGatewayDevice.Layer3QoS.InterfaceQualityService.1,true,false,,
InternetGatewayDevice.Layer3QoS.InterfaceQualityService.1.Dscp,false,true,-1,xsd:int
InternetGatewayDevice.Layer3QoS.InterfaceQualityService.1.InterfaceName,false,false,LAN,xsd:string
InternetGatewayDevice.Layer3QoS.InterfaceQualityService.2,true,false,,
InternetGatewayDevice.Layer3QoS.InterfaceQualityService.2.Dscp,false,true,-1,xsd:int
InternetGatewayDevice.Layer3QoS.InterfaceQualityService.2.InterfaceName,false,false,IAD,xsd:string
InternetGatewayDevice.Layer3QoS.InterfaceQualityService.3,true,false,,
InternetGatewayDevice.Layer3QoS.InterfaceQualityService.3.Dscp,false,true,-1,xsd:int
InternetGatewayDevice.Layer3QoS.InterfaceQualityService.3.InterfaceName,false,false,WLAN,xsd:string
InternetGatewayDevice.ManagementServer,true,false,,
InternetGatewayDevice.ManagementServer.ConnectionRequestPassword,false,true,69t0mkjya1,xsd:string
InternetGatewayDevice.ManagementServer.ConnectionRequestURL,false,false,http://127.0.0.1:57543/,xsd:string
InternetGatewayDevice.ManagementServer.ConnectionRequestUsername,false,true,202BC1-BM632w-000000,xsd:string
InternetGatewayDevice.ManagementServer.ParameterKey,false,false,,xsd:string
InternetGatewayDevice.ManagementServer.Password,false,true,,xsd:string
InternetGatewayDevice.ManagementServer.PeriodicInformEnable,false,true,true,xsd:boolean
InternetGatewayDevice.ManagementServer.PeriodicInformInterval,false,true,300,xsd:unsignedInt
InternetGatewayDevice.ManagementServer.URL,false,true,http://192.168.1.6:7547,xsd:string
InternetGatewayDevice.ManagementServer.Username,false,true,8KA8WA1151100043,xsd:string
InternetGatewayDevice.ManagementServer.X_HUAWEI_SSLCertEnable,false,true,false,xsd:boolean
InternetGatewayDevice.ManagementServerConfig,true,false,,
InternetGatewayDevice.ManagementServerConfig.UpdateFlag,false,true,0,xsd:unsignedInt
InternetGatewayDevice.ManagementServerConfig.UpdateUrl,false,true,http://172.200.20.60:7547,xsd:string
InternetGatewayDevice.OperatorProfile,true,false,,
InternetGatewayDevice.OperatorProfile.1,true,false,,
InternetGatewayDevice.OperatorProfile.1.ContactNumberOfEntries,false,false,0,xsd:unsignedInt
InternetGatewayDevice.OperatorProfile.1.RootCANumberOfEntries,false,false,0,xsd:unsignedInt
InternetGatewayDevice.OperatorProfile.1.SubscriptionParameters,true,false,,
InternetGatewayDevice.OperatorProfile.1.SubscriptionParameters.EAPProfile,true,false,,
InternetGatewayDevice.OperatorProfile.1.SubscriptionParameters.EAPProfile.1,true,false,,
InternetGatewayDevice.OperatorProfile.1.SubscriptionParameters.EAPProfile.1.CertificateNumberOfEntries,false,false,0,xsd:unsignedInt
InternetGatewayDevice.OperatorProfile.1.SubscriptionParameters.EAPProfile.1.CheckCodeEnable,false,true,false,xsd:boolean
InternetGatewayDevice.OperatorProfile.1.SubscriptionParameters.EAPProfile.1.EncapsulationProtocol,false,true,,xsd:string
InternetGatewayDevice.OperatorProfile.1.SubscriptionParameters.EAPProfile.1.Identity,false,true,202BC1E00665@fanoostelecom.net,xsd:string
InternetGatewayDevice.OperatorProfile.1.SubscriptionParameters.EAPProfile.1.IdentityPrivacyEnable,false,true,false,xsd:boolean
InternetGatewayDevice.OperatorProfile.1.SubscriptionParameters.EAPProfile.1.PseudonymIdentity,false,true,,xsd:string
InternetGatewayDevice.OperatorProfile.1.SubscriptionParameters.EAPProfile.1.Realm,false,true,,xsd:string
InternetGatewayDevice.OperatorProfile.1.SubscriptionParameters.EAPProfile.1.ServerRealmList,false,true,,xsd:string
InternetGatewayDevice.OperatorProfile.1.SubscriptionParameters.EAPProfile.1.SharedSecret,false,true,,xsd:string
InternetGatewayDevice.OperatorProfile.1.SubscriptionParameters.EAPProfile.1.Type,false,true,EAP-TLS,xsd:string
InternetGatewayDevice.OperatorProfile.1.SubscriptionParameters.EAPProfile.1.VerifyServerRealmListEnable,false,true,false,xsd:boolean
InternetGatewayDevice.OperatorProfile.1.SubscriptionParameters.EAPProfileNumberOfEntries,false,false,1,xsd:unsignedInt
InternetGatewayDevice.OperatorProfile.1.SubscriptionParameters.Primary,true,false,,
InternetGatewayDevice.OperatorProfile.1.SubscriptionParameters.Primary.Activated,false,true,true,xsd:boolean
InternetGatewayDevice.OperatorProfile.1.SubscriptionParameters.Primary.EAPProfiles,false,true,InternetGatewayDevice.OperatorProfile.1.SubscriptionParameters.EAPProfile.1,xsd:string
InternetGatewayDevice.OperatorProfile.1.SubscriptionParameters.Primary.Name,false,true,WiMAX,xsd:string
InternetGatewayDevice.OperatorProfile.1.WiMAXNetworkParameters,true,false,,
InternetGatewayDevice.OperatorProfile.1.WiMAXNetworkParameters.ChannelPlan,true,false,,
InternetGatewayDevice.OperatorProfile.1.WiMAXNetworkParameters.ChannelPlan.1,true,false,,
InternetGatewayDevice.OperatorProfile.1.WiMAXNetworkParameters.ChannelPlan.1.Bandwidth,false,true,5000,xsd:int
InternetGatewayDevice.OperatorProfile.1.WiMAXNetworkParameters.ChannelPlan.1.ChannelPlanIdentifier,false,true,AB,xsd:string
InternetGatewayDevice.OperatorProfile.1.WiMAXNetworkParameters.ChannelPlan.1.DuplexMode,false,true,-1,xsd:int
InternetGatewayDevice.OperatorProfile.1.WiMAXNetworkParameters.ChannelPlan.1.FFTSize,false,true,1024,xsd:int
InternetGatewayDevice.OperatorProfile.1.WiMAXNetworkParameters.ChannelPlan.1.FirstFrequency,false,true,3532500,xsd:int
InternetGatewayDevice.OperatorProfile.1.WiMAXNetworkParameters.ChannelPlan.1.LastFrequency,false,true,3557500,xsd:int
InternetGatewayDevice.OperatorProfile.1.WiMAXNetworkParameters.ChannelPlan.1.NextFrequencySteps,false,true,5000,xsd:int
InternetGatewayDevice.OperatorProfile.1.WiMAXNetworkParameters.ChannelPlan.1.Preambles,false,true,ffffffffffffffffffffffffffffff,xsd:string
InternetGatewayDevice.OperatorProfile.1.WiMAXNetworkParameters.ChannelPlan.11,true,false,,
InternetGatewayDevice.OperatorProfile.1.WiMAXNetworkParameters.ChannelPlan.11.Bandwidth,false,true,10000,xsd:int
InternetGatewayDevice.OperatorProfile.1.WiMAXNetworkParameters.ChannelPlan.11.ChannelPlanIdentifier,false,true,CD,xsd:string
InternetGatewayDevice.OperatorProfile.1.WiMAXNetworkParameters.ChannelPlan.11.DuplexMode,false,true,-1,xsd:int
InternetGatewayDevice.OperatorProfile.1.WiMAXNetworkParameters.ChannelPlan.11.FFTSize,false,true,1024,xsd:int
InternetGatewayDevice.OperatorProfile.1.WiMAXNetworkParameters.ChannelPlan.11.FirstFrequency,false,true,3505000,xsd:int
InternetGatewayDevice.OperatorProfile.1.WiMAXNetworkParameters.ChannelPlan.11.LastFrequency,false,true,3555000,xsd:int
InternetGatewayDevice.OperatorProfile.1.WiMAXNetworkParameters.ChannelPlan.11.NextFrequencySteps,false,true,10000,xsd:int
InternetGatewayDevice.OperatorProfile.1.WiMAXNetworkParameters.ChannelPlan.11.Preambles,false,true,ffffffffffffffffffffffffffffff,xsd:string
InternetGatewayDevice.OperatorProfile.1.WiMAXNetworkParameters.ChannelPlan.12,true,false,,
InternetGatewayDevice.OperatorProfile.1.WiMAXNetworkParameters.ChannelPlan.12.Bandwidth,false,true,0,xsd:int
InternetGatewayDevice.OperatorProfile.1.WiMAXNetworkParameters.ChannelPlan.12.ChannelPlanIdentifier,false,true,,xsd:string
InternetGatewayDevice.OperatorProfile.1.WiMAXNetworkParameters.ChannelPlan.12.DuplexMode,false,true,0,xsd:int
InternetGatewayDevice.OperatorProfile.1.WiMAXNetworkParameters.ChannelPlan.12.FFTSize,false,true,0,xsd:int
InternetGatewayDevice.OperatorProfile.1.WiMAXNetworkParameters.ChannelPlan.12.FirstFrequency,false,true,0,xsd:int
InternetGatewayDevice.OperatorProfile.1.WiMAXNetworkParameters.ChannelPlan.12.LastFrequency,false,true,0,xsd:int
InternetGatewayDevice.OperatorProfile.1.WiMAXNetworkParameters.ChannelPlan.12.NextFrequencySteps,false,true,0,xsd:int
InternetGatewayDevice.OperatorProfile.1.WiMAXNetworkParameters.ChannelPlan.12.Preambles,false,true,,xsd:string
InternetGatewayDevice.OperatorProfile.1.WiMAXNetworkParameters.ChannelPlan.13,true,false,,
InternetGatewayDevice.OperatorProfile.1.WiMAXNetworkParameters.ChannelPlan.13.Bandwidth,false,true,0,xsd:int
InternetGatewayDevice.OperatorProfile.1.WiMAXNetworkParameters.ChannelPlan.13.ChannelPlanIdentifier,false,true,,xsd:string
InternetGatewayDevice.OperatorProfile.1.WiMAXNetworkParameters.ChannelPlan.13.DuplexMode,false,true,0,xsd:int
InternetGatewayDevice.OperatorProfile.1.WiMAXNetworkParameters.ChannelPlan.13.FFTSize,false,true,0,xsd:int
InternetGatewayDevice.OperatorProfile.1.WiMAXNetworkParameters.ChannelPlan.13.FirstFrequency,false,true,0,xsd:int
InternetGatewayDevice.OperatorProfile.1.WiMAXNetworkParameters.ChannelPlan.13.LastFrequency,false,true,0,xsd:int
InternetGatewayDevice.OperatorProfile.1.WiMAXNetworkParameters.ChannelPlan.13.NextFrequencySteps,false,true,0,xsd:int
InternetGatewayDevice.OperatorProfile.1.WiMAXNetworkParameters.ChannelPlan.13.Preambles,false,true,,xsd:string
InternetGatewayDevice.OperatorProfile.1.WiMAXNetworkParameters.ChannelPlan.14,true,false,,
InternetGatewayDevice.OperatorProfile.1.WiMAXNetworkParameters.ChannelPlan.14.Bandwidth,false,true,0,xsd:int
InternetGatewayDevice.OperatorProfile.1.WiMAXNetworkParameters.ChannelPlan.14.ChannelPlanIdentifier,false,true,,xsd:string
InternetGatewayDevice.OperatorProfile.1.WiMAXNetworkParameters.ChannelPlan.14.DuplexMode,false,true,0,xsd:int
InternetGatewayDevice.OperatorProfile.1.WiMAXNetworkParameters.ChannelPlan.14.FFTSize,false,true,0,xsd:int
InternetGatewayDevice.OperatorProfile.1.WiMAXNetworkParameters.ChannelPlan.14.FirstFrequency,false,true,0,xsd:int
InternetGatewayDevice.OperatorProfile.1.WiMAXNetworkParameters.ChannelPlan.14.LastFrequency,false,true,0,xsd:int
InternetGatewayDevice.OperatorProfile.1.WiMAXNetworkParameters.ChannelPlan.14.NextFrequencySteps,false,true,0,xsd:int
InternetGatewayDevice.OperatorProfile.1.WiMAXNetworkParameters.ChannelPlan.14.Preambles,false,true,,xsd:string
InternetGatewayDevice.OperatorProfile.1.WiMAXNetworkParameters.ChannelPlanNumberOfEntries,false,false,1,xsd:unsignedInt
InternetGatewayDevice.OperatorProfile.1.WiMAXNetworkParameters.DefaultChannelPlan,true,false,,
InternetGatewayDevice.OperatorProfile.1.WiMAXNetworkParameters.DefaultChannelPlan.Bandwidth,false,true,5000,xsd:int
InternetGatewayDevice.OperatorProfile.1.WiMAXNetworkParameters.DefaultChannelPlan.DuplexMode,false,true,-1,xsd:int
InternetGatewayDevice.OperatorProfile.1.WiMAXNetworkParameters.DefaultChannelPlan.FFTSize,false,true,1024,xsd:int
InternetGatewayDevice.OperatorProfile.1.WiMAXNetworkParameters.HomeNetworkServiceProviderNumberOfEntries,false,false,1,xsd:unsignedInt
InternetGatewayDevice.OperatorProfile.1.WiMAXNetworkParameters.OperatorName,false,false,WiMAX,xsd:string
InternetGatewayDevice.OperatorProfile.1.X_HUAWEI_WiMAXConfig,true,false,,
InternetGatewayDevice.OperatorProfile.1.X_HUAWEI_WiMAXConfig.CertChainFileNum,false,true,0,xsd:unsignedInt
InternetGatewayDevice.OperatorProfile.1.X_HUAWEI_WiMAXConfig.Chain,true,false,,
InternetGatewayDevice.OperatorProfile.1.X_HUAWEI_WiMAXConfig.Chain.1,true,false,,
InternetGatewayDevice.OperatorProfile.1.X_HUAWEI_WiMAXConfig.Chain.1.ChainId,false,true,0,xsd:unsignedInt
InternetGatewayDevice.OperatorProfile.1.X_HUAWEI_WiMAXConfig.Chain.1.FilePath,false,true,,xsd:string
InternetGatewayDevice.OperatorProfile.1.X_HUAWEI_WiMAXConfig.Chain.2,true,false,,
InternetGatewayDevice.OperatorProfile.1.X_HUAWEI_WiMAXConfig.Chain.2.ChainId,false,true,0,xsd:unsignedInt
InternetGatewayDevice.OperatorProfile.1.X_HUAWEI_WiMAXConfig.Chain.2.FilePath,false,true,,xsd:string
InternetGatewayDevice.OperatorProfile.1.X_HUAWEI_WiMAXConfig.Chain.3,true,false,,
InternetGatewayDevice.OperatorProfile.1.X_HUAWEI_WiMAXConfig.Chain.3.ChainId,false,true,0,xsd:unsignedInt
InternetGatewayDevice.OperatorProfile.1.X_HUAWEI_WiMAXConfig.Chain.3.FilePath,false,true,,xsd:string
InternetGatewayDevice.OperatorProfile.1.X_HUAWEI_WiMAXConfig.PreKey,true,false,,
InternetGatewayDevice.OperatorProfile.1.X_HUAWEI_WiMAXConfig.PreKey.FilePath,false,true,/var/pthp/prikey,xsd:string
InternetGatewayDevice.OperatorProfile.1.X_HUAWEI_WiMAXConfig.RootCA,true,false,,
InternetGatewayDevice.OperatorProfile.1.X_HUAWEI_WiMAXConfig.RootCA.FilePath,false,true,/var/pthp/rootcert,xsd:string
InternetGatewayDevice.OperatorProfile.1.X_HUAWEI_WiMAXConfig.UserCert,true,false,,
InternetGatewayDevice.OperatorProfile.1.X_HUAWEI_WiMAXConfig.UserCert.FilePath,false,true,/var/pthp/certificate,xsd:string
InternetGatewayDevice.Services,true,false,,
InternetGatewayDevice.Services.VoiceService,true,false,,
InternetGatewayDevice.Services.VoiceService.1,true,false,,
InternetGatewayDevice.Services.VoiceService.1.Capabilities,true,false,,
InternetGatewayDevice.Services.VoiceService.1.Capabilities.ButtonMap,false,false,true,xsd:boolean
InternetGatewayDevice.Services.VoiceService.1.Capabilities.FaxPassThrough,false,false,true,xsd:boolean
InternetGatewayDevice.Services.VoiceService.1.Capabilities.FaxT38,false,false,true,xsd:boolean
InternetGatewayDevice.Services.VoiceService.1.Capabilities.MaxSessionsPerLine,false,false,3,xsd:unsignedInt
InternetGatewayDevice.Services.VoiceService.1.Capabilities.NumberingPlan,false,false,true,xsd:boolean
InternetGatewayDevice.Services.VoiceService.1.Capabilities.PSTNSoftSwitchover,false,false,true,xsd:boolean
InternetGatewayDevice.Services.VoiceService.1.Capabilities.SIP,true,false,,
InternetGatewayDevice.Services.VoiceService.1.Capabilities.SIP.EventSubscription,false,false,true,xsd:boolean
InternetGatewayDevice.Services.VoiceService.1.VoiceProfile,true,true,,
InternetGatewayDevice.Services.VoiceService.1.VoiceProfile.1,true,true,,
InternetGatewayDevice.Services.VoiceService.1.VoiceProfile.1.ButtonMap,true,false,,
InternetGatewayDevice.Services.VoiceService.1.VoiceProfile.1.ButtonMap.Button,true,true,,
InternetGatewayDevice.Services.VoiceService.1.VoiceProfile.1.DTMFMethod,false,true,InBand,xsd:string
InternetGatewayDevice.Services.VoiceService.1.VoiceProfile.1.Enable,false,true,Enabled,xsd:string
InternetGatewayDevice.Services.VoiceService.1.VoiceProfile.1.Line,true,true,,
InternetGatewayDevice.Services.VoiceService.1.VoiceProfile.1.Name,false,true,,xsd:string
InternetGatewayDevice.Services.VoiceService.1.VoiceProfile.1.NumberingPlan,true,false,,
InternetGatewayDevice.Services.VoiceService.1.VoiceProfile.1.NumberingPlan.InterDigitTimerStd,false,true,5000,xsd:unsignedInt
InternetGatewayDevice.Services.VoiceService.1.VoiceProfile.1.NumberingPlan.PrefixInfoMaxEntries,false,false,16,xsd:unsignedInt
InternetGatewayDevice.Services.VoiceService.1.VoiceProfile.1.NumberingPlan.PrefixInfoNumberOfEntries,false,false,0,xsd:unsignedInt
InternetGatewayDevice.Services.VoiceService.1.VoiceProfile.1.NumberingPlan.X_HUAWEI_BusyToneTime,false,true,40000,xsd:unsignedInt
InternetGatewayDevice.Services.VoiceService.1.VoiceProfile.1.NumberingPlan.X_HUAWEI_DigitMap,true,false,,
InternetGatewayDevice.Services.VoiceService.1.VoiceProfile.1.NumberingPlan.X_HUAWEI_DigitMap.1,true,false,,
InternetGatewayDevice.Services.VoiceService.1.VoiceProfile.1.NumberingPlan.X_HUAWEI_DigitMap.1.DigitMap,false,true,[ABCD*#X].T,xsd:string
InternetGatewayDevice.Services.VoiceService.1.VoiceProfile.1.NumberingPlan.X_HUAWEI_DigitMap.1.Route,false,true,0,xsd:unsignedInt
InternetGatewayDevice.Services.VoiceService.1.VoiceProfile.1.NumberingPlan.X_HUAWEI_DigitMap.1.Type,false,false,0,xsd:unsignedInt
InternetGatewayDevice.Services.VoiceService.1.VoiceProfile.1.NumberingPlan.X_HUAWEI_DigitMap.2,true,false,,
InternetGatewayDevice.Services.VoiceService.1.VoiceProfile.1.NumberingPlan.X_HUAWEI_DigitMap.2.DigitMap,false,true,2222,xsd:string
InternetGatewayDevice.Services.VoiceService.1.VoiceProfile.1.NumberingPlan.X_HUAWEI_DigitMap.2.Route,false,true,1,xsd:unsignedInt
InternetGatewayDevice.Services.VoiceService.1.VoiceProfile.1.NumberingPlan.X_HUAWEI_DigitMap.2.Type,false,false,1,xsd:unsignedInt
InternetGatewayDevice.Services.VoiceService.1.VoiceProfile.1.NumberingPlan.X_HUAWEI_DigitMap.3,true,false,,
InternetGatewayDevice.Services.VoiceService.1.VoiceProfile.1.NumberingPlan.X_HUAWEI_DigitMap.3.DigitMap,false,true,3333,xsd:string
InternetGatewayDevice.Services.VoiceService.1.VoiceProfile.1.NumberingPlan.X_HUAWEI_DigitMap.3.Route,false,true,0,xsd:unsignedInt
InternetGatewayDevice.Services.VoiceService.1.VoiceProfile.1.NumberingPlan.X_HUAWEI_DigitMap.3.Type,false,false,2,xsd:unsignedInt
InternetGatewayDevice.Services.VoiceService.1.VoiceProfile.1.NumberingPlan.X_HUAWEI_DigitMap.4,true,false,,
InternetGatewayDevice.Services.VoiceService.1.VoiceProfile.1.NumberingPlan.X_HUAWEI_DigitMap.4.DigitMap,false,true,963,xsd:string
InternetGatewayDevice.Services.VoiceService.1.VoiceProfile.1.NumberingPlan.X_HUAWEI_DigitMap.4.Route,false,true,2,xsd:unsignedInt
InternetGatewayDevice.Services.VoiceService.1.VoiceProfile.1.NumberingPlan.X_HUAWEI_DigitMap.4.Type,false,false,3,xsd:unsignedInt
InternetGatewayDevice.Services.VoiceService.1.VoiceProfile.1.NumberingPlan.X_HUAWEI_HowlToneTime,false,true,60000,xsd:unsignedInt
InternetGatewayDevice.Services.VoiceService.1.VoiceProfile.1.NumberingPlan.X_HUAWEI_IncomPrefixInfo,true,true,,
InternetGatewayDevice.Services.VoiceService.1.VoiceProfile.1.NumberingPlan.X_HUAWEI_IncomSuffixInfo,true,true,,
InternetGatewayDevice.Services.VoiceService.1.VoiceProfile.1.NumberingPlan.X_HUAWEI_OutgoPrefixInfo,true,true,,
InternetGatewayDevice.Services.VoiceService.1.VoiceProfile.1.NumberingPlan.X_HUAWEI_OutgoSuffixInfo,true,true,,
InternetGatewayDevice.Services.VoiceService.1.VoiceProfile.1.NumberingPlan.X_HUAWEI_StartDigitTimerStd,false,true,10000,xsd:unsignedInt
InternetGatewayDevice.Services.VoiceService.1.VoiceProfile.1.NumberingPlan.X_HUAWEI_UnResponseInterval,false,true,60000,xsd:unsignedInt
InternetGatewayDevice.Services.VoiceService.1.VoiceProfile.1.RTP,true,false,,
InternetGatewayDevice.Services.VoiceService.1.VoiceProfile.1.RTP.LocalPortMin,false,true,50000,xsd:unsignedInt
InternetGatewayDevice.Services.VoiceService.1.VoiceProfile.1.RTP.X_HUAWEI_JitterBuffer,false,true,true,xsd:boolean
InternetGatewayDevice.Services.VoiceService.1.VoiceProfile.1.RTP.X_HUAWEI_JitterBufferLength,false,true,20,xsd:unsignedInt
InternetGatewayDevice.Services.VoiceService.1.VoiceProfile.1.RTP.X_HUAWEI_JitterBufferType,false,true,1,xsd:unsignedInt
InternetGatewayDevice.Services.VoiceService.1.VoiceProfile.1.RTP.X_HUAWEI_PackLostCompensate,false,true,true,xsd:boolean
InternetGatewayDevice.Services.VoiceService.1.VoiceProfile.1.Region,false,true,IQ,xsd:string
InternetGatewayDevice.Services.VoiceService.1.VoiceProfile.1.SIP,true,false,,
InternetGatewayDevice.Services.VoiceService.1.VoiceProfile.1.SIP.ProxyServer,false,true,,xsd:string
InternetGatewayDevice.Services.VoiceService.1.VoiceProfile.1.SIP.ProxyServerPort,false,true,5060,xsd:unsignedInt
InternetGatewayDevice.Services.VoiceService.1.VoiceProfile.1.SIP.RegisterExpires,false,true,300,xsd:unsignedInt
InternetGatewayDevice.Services.VoiceService.1.VoiceProfile.1.SIP.RegisterRetryInterval,false,true,900,xsd:unsignedInt
InternetGatewayDevice.Services.VoiceService.1.VoiceProfile.1.SIP.RegistrarServer,false,true,,xsd:string
InternetGatewayDevice.Services.VoiceService.1.VoiceProfile.1.SIP.RegistrarServerPort,false,true,5060,xsd:unsignedInt
InternetGatewayDevice.Services.VoiceService.1.VoiceProfile.1.SIP.SIPEventSubscribeNumberOfElements,false,false,1,xsd:unsignedInt
InternetGatewayDevice.Services.VoiceService.1.VoiceProfile.1.SIP.X_HUAWEI_InterfaceName,false,false,,xsd:string
InternetGatewayDevice.Services.VoiceService.1.VoiceProfile.1.SIP.X_HUAWEI_MinSessionExpires,false,true,90,xsd:unsignedInt
InternetGatewayDevice.Services.VoiceService.1.VoiceProfile.1.SIP.X_HUAWEI_OptionTime,true,false,,
InternetGatewayDevice.Services.VoiceService.1.VoiceProfile.1.SIP.X_HUAWEI_OptionTime.IntervalTime,false,true,30,xsd:unsignedInt
InternetGatewayDevice.Services.VoiceService.1.VoiceProfile.1.SIP.X_HUAWEI_OptionTime.OptionsType,false,true,0,xsd:unsignedInt
InternetGatewayDevice.Services.VoiceService.1.VoiceProfile.1.SIP.X_HUAWEI_PrackSupport,false,true,false,xsd:boolean
InternetGatewayDevice.Services.VoiceService.1.VoiceProfile.1.SIP.X_HUAWEI_SIPDomain,false,true,,xsd:string
InternetGatewayDevice.Services.VoiceService.1.VoiceProfile.1.SIP.X_HUAWEI_SecondRegistrarServer,false,true,,xsd:string
InternetGatewayDevice.Services.VoiceService.1.VoiceProfile.1.SIP.X_HUAWEI_SecondRegistrarServerPort,false,true,5060,xsd:unsignedInt
InternetGatewayDevice.Services.VoiceService.1.VoiceProfile.1.SIP.X_HUAWEI_SecondSIPDomain,false,true,,xsd:string
InternetGatewayDevice.Services.VoiceService.1.VoiceProfile.1.SIP.X_HUAWEI_SessionExpires,false,true,3600,xsd:unsignedInt
InternetGatewayDevice.Services.VoiceService.1.VoiceProfile.1.SIP.X_HUAWEI_UrgencyUsePriority,false,true,true,xsd:boolean
InternetGatewayDevice.Services.VoiceService.1.VoiceProfile.1.STUNServer,false,true,,xsd:string
InternetGatewayDevice.Services.VoiceService.1.VoiceProfile.1.X_HUAWEI_EnableSharpKey,false,true,true,xsd:boolean
InternetGatewayDevice.Services.VoiceService.1.VoiceProfile.1.X_HUAWEI_FaxOption,false,true,G.711A FAX Passthrough,xsd:string
InternetGatewayDevice.Services.VoiceService.1.VoiceProfile.1.X_HUAWEI_HotLineNumber,false,true,,xsd:string
InternetGatewayDevice.Services.VoiceService.1.VoiceProfile.1.X_HUAWEI_STUNServerPort,false,true,3478,xsd:unsignedInt
InternetGatewayDevice.Services.VoiceService.1.VoiceProfileNumberOfEntries,false,false,1,xsd:unsignedInt
InternetGatewayDevice.Services.X_HUAWEI_ALGAbility,true,false,,
InternetGatewayDevice.Services.X_HUAWEI_ALGAbility.H323Enable,false,true,true,xsd:boolean
InternetGatewayDevice.Services.X_HUAWEI_ALGAbility.IPSECEnable,false,true,true,xsd:boolean
InternetGatewayDevice.Services.X_HUAWEI_ALGAbility.L2TPEnable,false,true,true,xsd:boolean
InternetGatewayDevice.Services.X_HUAWEI_ALGAbility.PPTPEnable,false,true,true,xsd:boolean
InternetGatewayDevice.Services.X_HUAWEI_ALGAbility.RTSPEnable,false,true,true,xsd:boolean
InternetGatewayDevice.Services.X_HUAWEI_ALGAbility.SIPEnable,false,true,false,xsd:boolean
InternetGatewayDevice.Services.X_HUAWEI_ALGAbility.SIPPort,false,true,5060,xsd:unsignedInt
InternetGatewayDevice.Services.X_HUAWEI_ALGAbility.SIPWanPath,false,true,,xsd:string
InternetGatewayDevice.Time,true,false,,
InternetGatewayDevice.Time.CurrentLocalTime,false,false,2013-08-16T17:14:42.000Z,xsd:dateTime
InternetGatewayDevice.Time.Enable,false,true,true,xsd:boolean
InternetGatewayDevice.Time.LocalTimeZoneName,false,true,GMT+03:00,xsd:string
InternetGatewayDevice.Time.NTPServer1,false,true,clock.fmt.he.net,xsd:string
InternetGatewayDevice.Time.NTPServer2,false,true,clock.nyc.he.net,xsd:string
InternetGatewayDevice.Time.NTPServer3,false,true,clock.sjc.he.net,xsd:string
InternetGatewayDevice.Time.NTPServer4,false,true,clock.via.net,xsd:string
InternetGatewayDevice.Time.NTPServer5,false,true,,xsd:string
InternetGatewayDevice.Time.Status,false,false,Synchronized,xsd:string
InternetGatewayDevice.UserInterface,true,false,,
InternetGatewayDevice.UserInterface.X_HUAWEI_Cli,true,false,,
InternetGatewayDevice.UserInterface.X_HUAWEI_Cli.UserInfo,true,false,,
InternetGatewayDevice.UserInterface.X_HUAWEI_Cli.UserInfo.1,true,false,,
InternetGatewayDevice.UserInterface.X_HUAWEI_Cli.UserInfo.1.Userlevel,false,false,0,xsd:unsignedInt
InternetGatewayDevice.UserInterface.X_HUAWEI_Cli.UserInfo.1.Username,false,true,FANOOSADMIN,xsd:string
InternetGatewayDevice.UserInterface.X_HUAWEI_Cli.UserInfo.1.Userpassword,false,true,,xsd:string
InternetGatewayDevice.UserInterface.X_HUAWEI_Web,true,false,,
InternetGatewayDevice.UserInterface.X_HUAWEI_Web.FirstLogin,false,true,true,xsd:boolean
InternetGatewayDevice.UserInterface.X_HUAWEI_Web.Timeout,false,true,5,xsd:unsignedInt
InternetGatewayDevice.UserInterface.X_HUAWEI_Web.UserInfo,true,false,,
InternetGatewayDevice.UserInterface.X_HUAWEI_Web.UserInfo.1,true,false,,
InternetGatewayDevice.UserInterface.X_HUAWEI_Web.UserInfo.1.UserLevel,false,true,2,xsd:unsignedInt
InternetGatewayDevice.UserInterface.X_HUAWEI_Web.UserInfo.1.Username,false,true,maxnet,xsd:string
InternetGatewayDevice.UserInterface.X_HUAWEI_Web.UserInfo.1.Userpassword,false,true,,xsd:string
InternetGatewayDevice.UserInterface.X_HUAWEI_Web.UserInfo.2,true,false,,
InternetGatewayDevice.UserInterface.X_HUAWEI_Web.UserInfo.2.UserLevel,false,true,1,xsd:unsignedInt
InternetGatewayDevice.UserInterface.X_HUAWEI_Web.UserInfo.2.Username,false,true,WLAN,xsd:string
InternetGatewayDevice.UserInterface.X_HUAWEI_Web.UserInfo.2.Userpassword,false,true,,xsd:string
InternetGatewayDevice.WANDevice,true,false,,
InternetGatewayDevice.WANDevice.1,true,false,,
InternetGatewayDevice.WANDevice.1.WANCommonInterfaceConfig,true,false,,
InternetGatewayDevice.WANDevice.1.WANCommonInterfaceConfig.Connection,true,false,,
InternetGatewayDevice.WANDevice.1.WANCommonInterfaceConfig.Connection.1,true,false,,
InternetGatewayDevice.WANDevice.1.WANCommonInterfaceConfig.Connection.1.ActiveConnectionDeviceContainer,false,false,InternetGatewayDevice.WANDevice.1.WANConnectionDevice.1,xsd:string
InternetGatewayDevice.WANDevice.1.WANCommonInterfaceConfig.Connection.1.ActiveConnectionServiceID,false,false,InternetGatewayDevice.WANDevice.1.WANConnectionDevice.1.WANIPConnection.1,xsd:string
InternetGatewayDevice.WANDevice.1.WANCommonInterfaceConfig.Layer1DownstreamMaxBitRate,false,false,100000000,xsd:unsignedInt
InternetGatewayDevice.WANDevice.1.WANCommonInterfaceConfig.Layer1UpstreamMaxBitRate,false,false,100000000,xsd:unsignedInt
InternetGatewayDevice.WANDevice.1.WANCommonInterfaceConfig.MaximumActiveConnections,false,false,1,xsd:unsignedInt
InternetGatewayDevice.WANDevice.1.WANCommonInterfaceConfig.NumberOfActiveConnections,false,false,1,xsd:unsignedInt
InternetGatewayDevice.WANDevice.1.WANCommonInterfaceConfig.PhysicalLinkStatus,false,false,Up,xsd:string
InternetGatewayDevice.WANDevice.1.WANCommonInterfaceConfig.TotalBytesReceived,false,false,971470946,xsd:unsignedInt
InternetGatewayDevice.WANDevice.1.WANCommonInterfaceConfig.TotalBytesSent,false,false,357834487,xsd:unsignedInt
InternetGatewayDevice.WANDevice.1.WANCommonInterfaceConfig.TotalPacketsReceived,false,false,1260279,xsd:unsignedInt
InternetGatewayDevice.WANDevice.1.WANCommonInterfaceConfig.TotalPacketsSent,false,false,1387476,xsd:unsignedInt
InternetGatewayDevice.WANDevice.1.WANCommonInterfaceConfig.WANAccessProvider,false,false,HUAWEI,xsd:string
InternetGatewayDevice.WANDevice.1.WANCommonInterfaceConfig.WANAccessType,false,false,WiMAX,xsd:string
InternetGatewayDevice.WANDevice.1.WANConnectionDevice,true,true,,
InternetGatewayDevice.WANDevice.1.WANConnectionDevice.1,true,true,,
InternetGatewayDevice.WANDevice.1.WANConnectionDevice.1.Name,false,false,eth1,xsd:string
InternetGatewayDevice.WANDevice.1.WANConnectionDevice.1.WANIPConnection,true,true,,
InternetGatewayDevice.WANDevice.1.WANConnectionDevice.1.WANIPConnection.1,true,true,,
InternetGatewayDevice.WANDevice.1.WANConnectionDevice.1.WANIPConnection.1.AddressingType,false,true,DHCP,xsd:string
InternetGatewayDevice.WANDevice.1.WANConnectionDevice.1.WANIPConnection.1.AutoDisconnectTime,false,true,0,xsd:unsignedInt
InternetGatewayDevice.WANDevice.1.WANConnectionDevice.1.WANIPConnection.1.ConnectionStatus,false,false,Connected,xsd:string
InternetGatewayDevice.WANDevice.1.WANConnectionDevice.1.WANIPConnection.1.ConnectionTrigger,false,true,AlwaysOn,xsd:string
InternetGatewayDevice.WANDevice.1.WANConnectionDevice.1.WANIPConnection.1.ConnectionType,false,true,IP_Routed,xsd:string
InternetGatewayDevice.WANDevice.1.WANConnectionDevice.1.WANIPConnection.1.DNSEnabled,false,true,true,xsd:boolean
InternetGatewayDevice.WANDevice.1.WANConnectionDevice.1.WANIPConnection.1.DNSOverrideAllowed,false,true,true,xsd:boolean
InternetGatewayDevice.WANDevice.1.WANConnectionDevice.1.WANIPConnection.1.DNSServers,false,true,"5.42.195.218,5.42.195.219",xsd:string
InternetGatewayDevice.WANDevice.1.WANConnectionDevice.1.WANIPConnection.1.DefaultGateway,false,true,172.16.0.1,xsd:string
InternetGatewayDevice.WANDevice.1.WANConnectionDevice.1.WANIPConnection.1.Enable,false,true,true,xsd:boolean
InternetGatewayDevice.WANDevice.1.WANConnectionDevice.1.WANIPConnection.1.ExternalIPAddress,false,true,172.3.89.139,xsd:string
InternetGatewayDevice.WANDevice.1.WANConnectionDevice.1.WANIPConnection.1.LastConnectionError,false,false,ERROR_USER_DISCONNECT,xsd:string
InternetGatewayDevice.WANDevice.1.WANConnectionDevice.1.WANIPConnection.1.MACAddress,false,false,20:2B:C1:E0:06:65,xsd:string
InternetGatewayDevice.WANDevice.1.WANConnectionDevice.1.WANIPConnection.1.MACAddressOverride,false,true,false,xsd:boolean
InternetGatewayDevice.WANDevice.1.WANConnectionDevice.1.WANIPConnection.1.MaxMTUSize,false,true,1400,xsd:unsignedInt
InternetGatewayDevice.WANDevice.1.WANConnectionDevice.1.WANIPConnection.1.NATEnabled,false,true,1,xsd:unsignedInt
InternetGatewayDevice.WANDevice.1.WANConnectionDevice.1.WANIPConnection.1.Name,false,false,WAN1_INTERNET_TR069_VOICE_R,xsd:string
InternetGatewayDevice.WANDevice.1.WANConnectionDevice.1.WANIPConnection.1.PortMapping,true,true,,
InternetGatewayDevice.WANDevice.1.WANConnectionDevice.1.WANIPConnection.1.PortMappingNumberOfEntries,false,false,0,xsd:unsignedInt
InternetGatewayDevice.WANDevice.1.WANConnectionDevice.1.WANIPConnection.1.PossibleConnectionTypes,false,false,"IP_Routed,IP_Bridged",xsd:string
InternetGatewayDevice.WANDevice.1.WANConnectionDevice.1.WANIPConnection.1.Reset,false,true,false,xsd:boolean
InternetGatewayDevice.WANDevice.1.WANConnectionDevice.1.WANIPConnection.1.RouteProtocolRx,false,true,Off,xsd:string
InternetGatewayDevice.WANDevice.1.WANConnectionDevice.1.WANIPConnection.1.Stats,true,false,,
InternetGatewayDevice.WANDevice.1.WANConnectionDevice.1.WANIPConnection.1.Stats.EthernetBytesReceived,false,false,971470946,xsd:unsignedInt
InternetGatewayDevice.WANDevice.1.WANConnectionDevice.1.WANIPConnection.1.Stats.EthernetBytesSent,false,false,357834487,xsd:unsignedInt
InternetGatewayDevice.WANDevice.1.WANConnectionDevice.1.WANIPConnection.1.Stats.EthernetDiscardPacketsReceived,false,false,0,xsd:unsignedInt
InternetGatewayDevice.WANDevice.1.WANConnectionDevice.1.WANIPConnection.1.Stats.EthernetDiscardPacketsSent,false,false,0,xsd:unsignedInt
InternetGatewayDevice.WANDevice.1.WANConnectionDevice.1.WANIPConnection.1.Stats.EthernetErrorsReceived,false,false,0,xsd:unsignedInt
InternetGatewayDevice.WANDevice.1.WANConnectionDevice.1.WANIPConnection.1.Stats.EthernetErrorsSent,false,false,0,xsd:unsignedInt
InternetGatewayDevice.WANDevice.1.WANConnectionDevice.1.WANIPConnection.1.Stats.EthernetPacketsReceived,false,false,1260279,xsd:unsignedInt
InternetGatewayDevice.WANDevice.1.WANConnectionDevice.1.WANIPConnection.1.Stats.EthernetPacketsSent,false,false,1387476,xsd:unsignedInt
InternetGatewayDevice.WANDevice.1.WANConnectionDevice.1.WANIPConnection.1.SubnetMask,false,true,255.255.0.0,xsd:string
InternetGatewayDevice.WANDevice.1.WANConnectionDevice.1.WANIPConnection.1.Uptime,false,false,62703,xsd:unsignedInt
InternetGatewayDevice.WANDevice.1.WANConnectionDevice.1.WANIPConnection.1.X_HUAWEI_DHCPRelay,false,true,false,xsd:boolean
InternetGatewayDevice.WANDevice.1.WANConnectionDevice.1.WANIPConnection.1.X_HUAWEI_DMZ,true,false,,
InternetGatewayDevice.WANDevice.1.WANConnectionDevice.1.WANIPConnection.1.X_HUAWEI_DMZ.DMZEnable,false,true,false,xsd:boolean
InternetGatewayDevice.WANDevice.1.WANConnectionDevice.1.WANIPConnection.1.X_HUAWEI_DMZ.DMZHostIPAddress,false,true,,xsd:string
InternetGatewayDevice.WANDevice.1.WANConnectionDevice.1.WANIPConnection.1.X_HUAWEI_PortTrigger,true,true,,
InternetGatewayDevice.WANDevice.1.WANConnectionDevice.1.WANIPConnection.1.X_HUAWEI_PortTriggerNumberOfEntries,false,false,0,xsd:unsignedInt
InternetGatewayDevice.WANDevice.1.WANConnectionDevice.1.WANIPConnection.1.X_HUAWEI_ServiceList,false,true,INTERNET_TR069_VOICE,xsd:string
InternetGatewayDevice.WANDevice.1.WANConnectionDevice.1.WANIPConnectionNumberOfEntries,false,false,1,xsd:unsignedInt
InternetGatewayDevice.WANDevice.1.WANConnectionDevice.1.WANPPPConnection,true,true,,
InternetGatewayDevice.WANDevice.1.WANConnectionDevice.1.WANPPPConnectionNumberOfEntries,false,false,0,xsd:unsignedInt
InternetGatewayDevice.WANDevice.1.WANConnectionDevice.1.WiMAXLinkConfig,true,false,,
InternetGatewayDevice.WANDevice.1.WANConnectionDevice.1.WiMAXLinkConfig.SubscriptionParametersIdentifier,false,false,,xsd:string
InternetGatewayDevice.WANDevice.1.WANConnectionNumberOfEntries,false,false,1,xsd:unsignedInt
InternetGatewayDevice.WANDevice.1.WiMAXInterfaceConfig,true,false,,
InternetGatewayDevice.WANDevice.1.WiMAXInterfaceConfig.ActiveOperator,true,false,,
InternetGatewayDevice.WANDevice.1.WiMAXInterfaceConfig.ActiveOperator.ChannelPlanIdentifier,false,false,,xsd:string
InternetGatewayDevice.WANDevice.1.WiMAXInterfaceConfig.ActiveOperator.NetworkProviderIdentifier,false,false,,xsd:string
InternetGatewayDevice.WANDevice.1.WiMAXInterfaceConfig.ActiveOperator.OperaterProfileIdentifier,false,false,,xsd:string
InternetGatewayDevice.WANDevice.1.WiMAXInterfaceConfig.Layer3Capability,true,false,,
InternetGatewayDevice.WANDevice.1.WiMAXInterfaceConfig.Layer3Capability.CMIPv4Support,false,false,false,xsd:boolean
InternetGatewayDevice.WANDevice.1.WiMAXInterfaceConfig.Layer3Capability.CMIPv6Support,false,false,false,xsd:boolean
InternetGatewayDevice.WANDevice.1.WiMAXInterfaceConfig.Layer3Capability.IPv4Support,false,false,false,xsd:boolean
InternetGatewayDevice.WANDevice.1.WiMAXInterfaceConfig.Layer3Capability.IPv6Support,false,false,false,xsd:boolean
InternetGatewayDevice.WANDevice.1.WiMAXInterfaceConfig.RadioModule,true,false,,
InternetGatewayDevice.WANDevice.1.WiMAXInterfaceConfig.RadioModule.HardwareVersion,false,false,,xsd:string
InternetGatewayDevice.WANDevice.1.WiMAXInterfaceConfig.RadioModule.MACAddress,false,false,,xsd:string
InternetGatewayDevice.WANDevice.1.WiMAXInterfaceConfig.RadioModule.Manufacturer,false,false,,xsd:string
InternetGatewayDevice.WANDevice.1.WiMAXInterfaceConfig.RadioModule.Model,false,false,,xsd:string
InternetGatewayDevice.WANDevice.1.WiMAXInterfaceConfig.RadioModule.SoftwareVersion,false,false,,xsd:string
InternetGatewayDevice.WANDeviceNumberOfEntries,false,false,1,xsd:unsignedInt
InternetGatewayDevice.WiMAX,true,false,,
InternetGatewayDevice.WiMAX.Antenna,true,false,,
InternetGatewayDevice.WiMAX.Antenna.AntennaState,false,true,false,xsd:boolean
InternetGatewayDevice.WiMAX.Certificate,true,false,,
InternetGatewayDevice.WiMAX.Certificate.CertificateName,false,false,,xsd:string
InternetGatewayDevice.WiMAX.ServerFlow,true,false,,
InternetGatewayDevice.WiMAX.ServerFlow.ArqBlockLifetime,false,false,0,xsd:unsignedInt
InternetGatewayDevice.WiMAX.ServerFlow.ArqBlockSize,false,false,0,xsd:unsignedInt
InternetGatewayDevice.WiMAX.ServerFlow.ArqEnable,false,false,0,xsd:unsignedInt
InternetGatewayDevice.WiMAX.ServerFlow.ArqReceiverDelay,false,false,0,xsd:unsignedInt
InternetGatewayDevice.WiMAX.ServerFlow.ArqRxPurgeTimeout,false,false,0,xsd:unsignedInt
InternetGatewayDevice.WiMAX.ServerFlow.ArqSyncLossTimeout,false,false,0,xsd:unsignedInt
InternetGatewayDevice.WiMAX.ServerFlow.ArqTransmitterDelay,false,false,0,xsd:unsignedInt
InternetGatewayDevice.WiMAX.ServerFlow.ArqWindowSize,false,false,0,xsd:unsignedInt
InternetGatewayDevice.WiMAX.ServerFlow.BroadcastBwrEnabled,false,false,0,xsd:unsignedInt
InternetGatewayDevice.WiMAX.ServerFlow.Classifier1,false,false,,xsd:string
InternetGatewayDevice.WiMAX.ServerFlow.Classifier1PhsNumber,false,false,0,xsd:unsignedInt
InternetGatewayDevice.WiMAX.ServerFlow.Classifier2,false,false,,xsd:string
InternetGatewayDevice.WiMAX.ServerFlow.Classifier2PhsNumber,false,false,0,xsd:unsignedInt
InternetGatewayDevice.WiMAX.ServerFlow.Classifier3,false,false,,xsd:string
InternetGatewayDevice.WiMAX.ServerFlow.Classifier3PhsNumber,false,false,0,xsd:unsignedInt
InternetGatewayDevice.WiMAX.ServerFlow.Classifier4,false,false,,xsd:string
InternetGatewayDevice.WiMAX.ServerFlow.Classifier4PhsNumber,false,false,0,xsd:unsignedInt
InternetGatewayDevice.WiMAX.ServerFlow.ClassifierType1,false,false,0,xsd:unsignedInt
InternetGatewayDevice.WiMAX.ServerFlow.ClassifierType2,false,false,0,xsd:unsignedInt
InternetGatewayDevice.WiMAX.ServerFlow.ClassifierType3,false,false,0,xsd:unsignedInt
InternetGatewayDevice.WiMAX.ServerFlow.ClassifierType4,false,false,0,xsd:unsignedInt
InternetGatewayDevice.WiMAX.ServerFlow.CrcEnabled,false,false,0,xsd:unsignedInt
InternetGatewayDevice.WiMAX.ServerFlow.Cs,false,false,0,xsd:unsignedInt
InternetGatewayDevice.WiMAX.ServerFlow.D_ArqBlockLifetime,false,false,0,xsd:unsignedInt
InternetGatewayDevice.WiMAX.ServerFlow.D_ArqBlockSize,false,false,0,xsd:unsignedInt
InternetGatewayDevice.WiMAX.ServerFlow.D_ArqEnable,false,false,0,xsd:unsignedInt
InternetGatewayDevice.WiMAX.ServerFlow.D_ArqReceiverDelay,false,false,0,xsd:unsignedInt
InternetGatewayDevice.WiMAX.ServerFlow.D_ArqRxPurgeTimeout,false,false,0,xsd:unsignedInt
InternetGatewayDevice.WiMAX.ServerFlow.D_ArqSyncLossTimeout,false,false,0,xsd:unsignedInt
InternetGatewayDevice.WiMAX.ServerFlow.D_ArqTransmitterDelay,false,false,0,xsd:unsignedInt
InternetGatewayDevice.WiMAX.ServerFlow.D_ArqWindowSize,false,false,0,xsd:unsignedInt
InternetGatewayDevice.WiMAX.ServerFlow.D_BroadcastBwrEnabled,false,false,0,xsd:unsignedInt
InternetGatewayDevice.WiMAX.ServerFlow.D_Classifier1,false,false,,xsd:string
InternetGatewayDevice.WiMAX.ServerFlow.D_Classifier1PhsNumber,false,false,0,xsd:unsignedInt
InternetGatewayDevice.WiMAX.ServerFlow.D_Classifier2,false,false,,xsd:string
InternetGatewayDevice.WiMAX.ServerFlow.D_Classifier2PhsNumber,false,false,0,xsd:unsignedInt
InternetGatewayDevice.WiMAX.ServerFlow.D_Classifier3,false,false,,xsd:string
InternetGatewayDevice.WiMAX.ServerFlow.D_Classifier3PhsNumber,false,false,0,xsd:unsignedInt
InternetGatewayDevice.WiMAX.ServerFlow.D_Classifier4,false,false,,xsd:string
InternetGatewayDevice.WiMAX.ServerFlow.D_Classifier4PhsNumber,false,false,0,xsd:unsignedInt
InternetGatewayDevice.WiMAX.ServerFlow.D_CrcEnabled,false,false,0,xsd:unsignedInt
InternetGatewayDevice.WiMAX.ServerFlow.D_Cs,false,false,0,xsd:unsignedInt
InternetGatewayDevice.WiMAX.ServerFlow.D_Direction,false,false,0,xsd:unsignedInt
InternetGatewayDevice.WiMAX.ServerFlow.D_FragmentationEnabled,false,false,0,xsd:unsignedInt
InternetGatewayDevice.WiMAX.ServerFlow.D_GrantInterval,false,false,0,xsd:unsignedInt
InternetGatewayDevice.WiMAX.ServerFlow.D_HarqAcids,false,false,0,xsd:unsignedInt
InternetGatewayDevice.WiMAX.ServerFlow.D_HarqEnable,false,false,0,xsd:unsignedInt
InternetGatewayDevice.WiMAX.ServerFlow.D_HarqLatency,false,false,0,xsd:unsignedInt
InternetGatewayDevice.WiMAX.ServerFlow.D_HarqPduSn,false,false,0,xsd:unsignedInt
InternetGatewayDevice.WiMAX.ServerFlow.D_MaxLatency,false,false,0,xsd:unsignedInt
InternetGatewayDevice.WiMAX.ServerFlow.D_Maxrate,false,false,0,xsd:unsignedInt
InternetGatewayDevice.WiMAX.ServerFlow.D_Minrate,false,false,0,xsd:unsignedInt
InternetGatewayDevice.WiMAX.ServerFlow.D_MulticastBwrEnabled,false,false,0,xsd:unsignedInt
InternetGatewayDevice.WiMAX.ServerFlow.D_PackingEnabled,false,false,0,xsd:unsignedInt
InternetGatewayDevice.WiMAX.ServerFlow.D_PhsEnabledEnabled,false,false,0,xsd:unsignedInt
InternetGatewayDevice.WiMAX.ServerFlow.D_PiggybackBwrEnabled,false,false,0,xsd:unsignedInt
InternetGatewayDevice.WiMAX.ServerFlow.D_PollingInterval,false,false,0,xsd:unsignedInt
InternetGatewayDevice.WiMAX.ServerFlow.D_Priority,false,false,0,xsd:unsignedInt
InternetGatewayDevice.WiMAX.ServerFlow.D_Scheduling,false,false,0,xsd:unsignedInt
InternetGatewayDevice.WiMAX.ServerFlow.D_ServiceClassArg,false,false,,xsd:string
InternetGatewayDevice.WiMAX.ServerFlow.D_State,false,false,0,xsd:unsignedInt
InternetGatewayDevice.WiMAX.ServerFlow.Direction,false,false,0,xsd:unsignedInt
InternetGatewayDevice.WiMAX.ServerFlow.FragmentationEnabled,false,false,0,xsd:unsignedInt
InternetGatewayDevice.WiMAX.ServerFlow.GrantInterval,false,false,0,xsd:unsignedInt
InternetGatewayDevice.WiMAX.ServerFlow.HarqAcids,false,false,0,xsd:unsignedInt
InternetGatewayDevice.WiMAX.ServerFlow.HarqEnable,false,false,0,xsd:unsignedInt
InternetGatewayDevice.WiMAX.ServerFlow.HarqLatency,false,false,0,xsd:unsignedInt
InternetGatewayDevice.WiMAX.ServerFlow.HarqPduSn,false,false,0,xsd:unsignedInt
InternetGatewayDevice.WiMAX.ServerFlow.MaxLatency,false,false,0,xsd:unsignedInt
InternetGatewayDevice.WiMAX.ServerFlow.Maxrate,false,false,0,xsd:unsignedInt
InternetGatewayDevice.WiMAX.ServerFlow.Minrate,false,false,0,xsd:unsignedInt
InternetGatewayDevice.WiMAX.ServerFlow.MulticastBwrEnabled,false,false,0,xsd:unsignedInt
InternetGatewayDevice.WiMAX.ServerFlow.PackingEnabled,false,false,0,xsd:unsignedInt
InternetGatewayDevice.WiMAX.ServerFlow.PhsEnabledEnabled,false,false,0,xsd:unsignedInt
InternetGatewayDevice.WiMAX.ServerFlow.PiggybackBwrEnabled,false,false,0,xsd:unsignedInt
InternetGatewayDevice.WiMAX.ServerFlow.PollingInterval,false,false,0,xsd:unsignedInt
InternetGatewayDevice.WiMAX.ServerFlow.Priority,false,false,0,xsd:unsignedInt
InternetGatewayDevice.WiMAX.ServerFlow.Scheduling,false,false,0,xsd:unsignedInt
InternetGatewayDevice.WiMAX.ServerFlow.ServiceClassArg,false,false,,xsd:string
InternetGatewayDevice.WiMAX.ServerFlow.State,false,false,0,xsd:unsignedInt
InternetGatewayDevice.WiMAX.Status,true,false,,
InternetGatewayDevice.WiMAX.Status.BSID,false,false,00:04:57:00:53:20,xsd:string
InternetGatewayDevice.WiMAX.Status.CINR1,false,false,30.53dB,xsd:string
InternetGatewayDevice.WiMAX.Status.CINR3,false,false,34.72dB,xsd:string
InternetGatewayDevice.WiMAX.Status.ConnState,false,false,Connected,xsd:string
InternetGatewayDevice.WiMAX.Status.ConnectBand,false,false,5000KHz,xsd:string
InternetGatewayDevice.WiMAX.Status.ConnectFreq,false,false,3532500KHz,xsd:string
InternetGatewayDevice.WiMAX.Status.DLDataRate,false,false,0 bytes/sec,xsd:string
InternetGatewayDevice.WiMAX.Status.DLFEC,false,false,64-QAM(CTC)5/6,xsd:string
InternetGatewayDevice.WiMAX.Status.EthPktRcv,false,false,926.467MB,xsd:string
InternetGatewayDevice.WiMAX.Status.EthPktTran,false,false,341.257MB,xsd:string
InternetGatewayDevice.WiMAX.Status.LinkQualityReuse1,false,false,100%,xsd:string
InternetGatewayDevice.WiMAX.Status.LinkQualityReuse3,false,false,100%,xsd:string
InternetGatewayDevice.WiMAX.Status.Power,false,false,-12.71dBm,xsd:string
InternetGatewayDevice.WiMAX.Status.RSSI,false,false,-43.70dBm,xsd:string
InternetGatewayDevice.WiMAX.Status.SignalStrength,false,false,100%,xsd:string
InternetGatewayDevice.WiMAX.Status.ULDataRate,false,false,0 bytes/sec,xsd:string
InternetGatewayDevice.WiMAX.Status.ULFEC,false,false,16-QAM(CTC)3/4,xsd:string
InternetGatewayDevice.WiMAX.Status.WiMAXPktRcv,false,false,0,xsd:string
InternetGatewayDevice.WiMAX.Status.WiMAXPktTran,false,false,0,xsd:string
InternetGatewayDevice.WiMAX.UpgPackage,true,false,,
InternetGatewayDevice.WiMAX.UpgPackage.PackageDate,false,false,2011-09-10,xsd:string
InternetGatewayDevice.WiMAX.VerType,true,false,,
InternetGatewayDevice.WiMAX.VerType.WmxVerType,false,false,1,xsd:unsignedInt
InternetGatewayDevice.X_HUAWEI_FireWall,true,true,,
InternetGatewayDevice.X_HUAWEI_FireWall.CurrentLevel,false,true,Low,xsd:string
InternetGatewayDevice.X_HUAWEI_FireWall.FilterMode,true,true,,
InternetGatewayDevice.X_HUAWEI_FireWall.FilterMode.1,true,true,,
InternetGatewayDevice.X_HUAWEI_FireWall.FilterMode.1.ACL,true,true,,
InternetGatewayDevice.X_HUAWEI_FireWall.FilterMode.1.AppFilter,true,true,,
InternetGatewayDevice.X_HUAWEI_FireWall.FilterMode.1.DosAttack,true,true,,
InternetGatewayDevice.X_HUAWEI_FireWall.FilterMode.1.DosAttack.ArpAttack,false,true,0,xsd:unsignedInt
InternetGatewayDevice.X_HUAWEI_FireWall.FilterMode.1.DosAttack.IcmpFlooding,false,true,0,xsd:unsignedInt
InternetGatewayDevice.X_HUAWEI_FireWall.FilterMode.1.DosAttack.SynFlooding,false,true,0,xsd:unsignedInt
InternetGatewayDevice.X_HUAWEI_FireWall.FilterMode.1.IpFilter,true,true,,
InternetGatewayDevice.X_HUAWEI_FireWall.FilterMode.1.Level,false,true,Disable,xsd:string
InternetGatewayDevice.X_HUAWEI_FireWall.FilterMode.1.MacFilter,true,true,,
InternetGatewayDevice.X_HUAWEI_FireWall.FilterMode.1.MacFilterPolicy,false,true,false,xsd:boolean
InternetGatewayDevice.X_HUAWEI_FireWall.FilterMode.1.Revisable,false,true,0,xsd:unsignedInt
InternetGatewayDevice.X_HUAWEI_FireWall.FilterMode.1.TotalNumberOfEntries,false,false,0,xsd:unsignedInt
InternetGatewayDevice.X_HUAWEI_FireWall.FilterMode.1.UrlFilter,true,true,,
InternetGatewayDevice.X_HUAWEI_FireWall.FilterMode.1.UrlFilterPolicy,false,true,false,xsd:boolean
InternetGatewayDevice.X_HUAWEI_FireWall.FilterMode.2,true,true,,
InternetGatewayDevice.X_HUAWEI_FireWall.FilterMode.2.ACL,true,true,,
InternetGatewayDevice.X_HUAWEI_FireWall.FilterMode.2.ACL.1,true,true,,
InternetGatewayDevice.X_HUAWEI_FireWall.FilterMode.2.ACL.1.X_HUAWEI_Direction,false,true,WAN,xsd:string
InternetGatewayDevice.X_HUAWEI_FireWall.FilterMode.2.ACL.1.X_HUAWEI_EndIpAddr,false,true,,xsd:string
InternetGatewayDevice.X_HUAWEI_FireWall.FilterMode.2.ACL.1.X_HUAWEI_Service,false,true,ACS,xsd:string
InternetGatewayDevice.X_HUAWEI_FireWall.FilterMode.2.ACL.1.X_HUAWEI_StartIpAddr,false,true,,xsd:string
InternetGatewayDevice.X_HUAWEI_FireWall.FilterMode.2.ACL.2,true,true,,
InternetGatewayDevice.X_HUAWEI_FireWall.FilterMode.2.ACL.2.X_HUAWEI_Direction,false,true,LAN,xsd:string
InternetGatewayDevice.X_HUAWEI_FireWall.FilterMode.2.ACL.2.X_HUAWEI_EndIpAddr,false,true,,xsd:string
InternetGatewayDevice.X_HUAWEI_FireWall.FilterMode.2.ACL.2.X_HUAWEI_Service,false,true,HTTP,xsd:string
InternetGatewayDevice.X_HUAWEI_FireWall.FilterMode.2.ACL.2.X_HUAWEI_StartIpAddr,false,true,,xsd:string
InternetGatewayDevice.X_HUAWEI_FireWall.FilterMode.2.AppFilter,true,true,,
InternetGatewayDevice.X_HUAWEI_FireWall.FilterMode.2.AppFilter.1,true,true,,
InternetGatewayDevice.X_HUAWEI_FireWall.FilterMode.2.AppFilter.1.Name,false,true,DNS,xsd:string
InternetGatewayDevice.X_HUAWEI_FireWall.FilterMode.2.AppFilter.1.Port,false,true,53,xsd:string
InternetGatewayDevice.X_HUAWEI_FireWall.FilterMode.2.AppFilter.1.Protocol,false,true,UDP,xsd:string
InternetGatewayDevice.X_HUAWEI_FireWall.FilterMode.2.AppFilter.1.Status,false,true,1,xsd:unsignedInt
InternetGatewayDevice.X_HUAWEI_FireWall.FilterMode.2.AppFilter.2,true,true,,
InternetGatewayDevice.X_HUAWEI_FireWall.FilterMode.2.AppFilter.2.Name,false,true,FTP,xsd:string
InternetGatewayDevice.X_HUAWEI_FireWall.FilterMode.2.AppFilter.2.Port,false,true,21,xsd:string
InternetGatewayDevice.X_HUAWEI_FireWall.FilterMode.2.AppFilter.2.Protocol,false,true,TCP,xsd:string
InternetGatewayDevice.X_HUAWEI_FireWall.FilterMode.2.AppFilter.2.Status,false,true,1,xsd:unsignedInt
InternetGatewayDevice.X_HUAWEI_FireWall.FilterMode.2.AppFilter.3,true,true,,
InternetGatewayDevice.X_HUAWEI_FireWall.FilterMode.2.AppFilter.3.Name,false,true,HTTP,xsd:string
InternetGatewayDevice.X_HUAWEI_FireWall.FilterMode.2.AppFilter.3.Port,false,true,80,xsd:string
InternetGatewayDevice.X_HUAWEI_FireWall.FilterMode.2.AppFilter.3.Protocol,false,true,TCP,xsd:string
InternetGatewayDevice.X_HUAWEI_FireWall.FilterMode.2.AppFilter.3.Status,false,true,1,xsd:unsignedInt
InternetGatewayDevice.X_HUAWEI_FireWall.FilterMode.2.DosAttack,true,true,,
InternetGatewayDevice.X_HUAWEI_FireWall.FilterMode.2.DosAttack.ArpAttack,false,true,1,xsd:unsignedInt
InternetGatewayDevice.X_HUAWEI_FireWall.FilterMode.2.DosAttack.IcmpFlooding,false,true,0,xsd:unsignedInt
InternetGatewayDevice.X_HUAWEI_FireWall.FilterMode.2.DosAttack.SynFlooding,false,true,1,xsd:unsignedInt
InternetGatewayDevice.X_HUAWEI_FireWall.FilterMode.2.IpFilter,true,true,,
InternetGatewayDevice.X_HUAWEI_FireWall.FilterMode.2.IpFilter.1,true,true,,
InternetGatewayDevice.X_HUAWEI_FireWall.FilterMode.2.IpFilter.1.DestIPEnd,false,true,,xsd:string
InternetGatewayDevice.X_HUAWEI_FireWall.FilterMode.2.IpFilter.1.DestIPStart,false,true,,xsd:string
InternetGatewayDevice.X_HUAWEI_FireWall.FilterMode.2.IpFilter.1.DestPortEnd,false,true,0,xsd:unsignedInt
InternetGatewayDevice.X_HUAWEI_FireWall.FilterMode.2.IpFilter.1.DestPortStart,false,true,0,xsd:unsignedInt
InternetGatewayDevice.X_HUAWEI_FireWall.FilterMode.2.IpFilter.1.Interface,false,true,ALL,xsd:string
InternetGatewayDevice.X_HUAWEI_FireWall.FilterMode.2.IpFilter.1.Name,false,true,High-Ip,xsd:string
InternetGatewayDevice.X_HUAWEI_FireWall.FilterMode.2.IpFilter.1.Priority,false,true,255,xsd:unsignedInt
InternetGatewayDevice.X_HUAWEI_FireWall.FilterMode.2.IpFilter.1.Protocol,false,true,ALL,xsd:string
InternetGatewayDevice.X_HUAWEI_FireWall.FilterMode.2.IpFilter.1.SourceIPEnd,false,true,,xsd:string
InternetGatewayDevice.X_HUAWEI_FireWall.FilterMode.2.IpFilter.1.SourceIPStart,false,true,,xsd:string
InternetGatewayDevice.X_HUAWEI_FireWall.FilterMode.2.IpFilter.1.SourcePortEnd,false,true,0,xsd:unsignedInt
InternetGatewayDevice.X_HUAWEI_FireWall.FilterMode.2.IpFilter.1.SourcePortStart,false,true,0,xsd:unsignedInt
InternetGatewayDevice.X_HUAWEI_FireWall.FilterMode.2.IpFilter.1.Status,false,true,2,xsd:unsignedInt
InternetGatewayDevice.X_HUAWEI_FireWall.FilterMode.2.Level,false,true,High,xsd:string
InternetGatewayDevice.X_HUAWEI_FireWall.FilterMode.2.MacFilter,true,true,,
InternetGatewayDevice.X_HUAWEI_FireWall.FilterMode.2.MacFilterPolicy,false,true,false,xsd:boolean
InternetGatewayDevice.X_HUAWEI_FireWall.FilterMode.2.Revisable,false,true,2,xsd:unsignedInt
InternetGatewayDevice.X_HUAWEI_FireWall.FilterMode.2.TotalNumberOfEntries,false,false,3,xsd:unsignedInt
InternetGatewayDevice.X_HUAWEI_FireWall.FilterMode.2.UrlFilter,true,true,,
InternetGatewayDevice.X_HUAWEI_FireWall.FilterMode.2.UrlFilterPolicy,false,true,false,xsd:boolean
InternetGatewayDevice.X_HUAWEI_FireWall.FilterMode.3,true,true,,
InternetGatewayDevice.X_HUAWEI_FireWall.FilterMode.3.ACL,true,true,,
InternetGatewayDevice.X_HUAWEI_FireWall.FilterMode.3.ACL.1,true,true,,
InternetGatewayDevice.X_HUAWEI_FireWall.FilterMode.3.ACL.1.X_HUAWEI_Direction,false,true,WAN,xsd:string
InternetGatewayDevice.X_HUAWEI_FireWall.FilterMode.3.ACL.1.X_HUAWEI_EndIpAddr,false,true,,xsd:string
InternetGatewayDevice.X_HUAWEI_FireWall.FilterMode.3.ACL.1.X_HUAWEI_Service,false,true,ACS,xsd:string
InternetGatewayDevice.X_HUAWEI_FireWall.FilterMode.3.ACL.1.X_HUAWEI_StartIpAddr,false,true,,xsd:string
InternetGatewayDevice.X_HUAWEI_FireWall.FilterMode.3.ACL.2,true,true,,
InternetGatewayDevice.X_HUAWEI_FireWall.FilterMode.3.ACL.2.X_HUAWEI_Direction,false,true,LAN,xsd:string
InternetGatewayDevice.X_HUAWEI_FireWall.FilterMode.3.ACL.2.X_HUAWEI_EndIpAddr,false,true,,xsd:string
InternetGatewayDevice.X_HUAWEI_FireWall.FilterMode.3.ACL.2.X_HUAWEI_Service,false,true,HTTP,xsd:string
InternetGatewayDevice.X_HUAWEI_FireWall.FilterMode.3.ACL.2.X_HUAWEI_StartIpAddr,false,true,,xsd:string
InternetGatewayDevice.X_HUAWEI_FireWall.FilterMode.3.AppFilter,true,true,,
InternetGatewayDevice.X_HUAWEI_FireWall.FilterMode.3.AppFilter.1,true,true,,
InternetGatewayDevice.X_HUAWEI_FireWall.FilterMode.3.AppFilter.1.Name,false,true,DNS,xsd:string
InternetGatewayDevice.X_HUAWEI_FireWall.FilterMode.3.AppFilter.1.Port,false,true,53,xsd:string
InternetGatewayDevice.X_HUAWEI_FireWall.FilterMode.3.AppFilter.1.Protocol,false,true,UDP,xsd:string
InternetGatewayDevice.X_HUAWEI_FireWall.FilterMode.3.AppFilter.1.Status,false,true,1,xsd:unsignedInt
InternetGatewayDevice.X_HUAWEI_FireWall.FilterMode.3.AppFilter.2,true,true,,
InternetGatewayDevice.X_HUAWEI_FireWall.FilterMode.3.AppFilter.2.Name,false,true,FTP,xsd:string
InternetGatewayDevice.X_HUAWEI_FireWall.FilterMode.3.AppFilter.2.Port,false,true,21,xsd:string
InternetGatewayDevice.X_HUAWEI_FireWall.FilterMode.3.AppFilter.2.Protocol,false,true,TCP,xsd:string
InternetGatewayDevice.X_HUAWEI_FireWall.FilterMode.3.AppFilter.2.Status,false,true,1,xsd:unsignedInt
InternetGatewayDevice.X_HUAWEI_FireWall.FilterMode.3.AppFilter.3,true,true,,
InternetGatewayDevice.X_HUAWEI_FireWall.FilterMode.3.AppFilter.3.Name,false,true,HTTP,xsd:string
InternetGatewayDevice.X_HUAWEI_FireWall.FilterMode.3.AppFilter.3.Port,false,true,80,xsd:string
InternetGatewayDevice.X_HUAWEI_FireWall.FilterMode.3.AppFilter.3.Protocol,false,true,TCP,xsd:string
InternetGatewayDevice.X_HUAWEI_FireWall.FilterMode.3.AppFilter.3.Status,false,true,1,xsd:unsignedInt
InternetGatewayDevice.X_HUAWEI_FireWall.FilterMode.3.AppFilter.4,true,true,,
InternetGatewayDevice.X_HUAWEI_FireWall.FilterMode.3.AppFilter.4.Name,false,true,File Share,xsd:string
InternetGatewayDevice.X_HUAWEI_FireWall.FilterMode.3.AppFilter.4.Port,false,true,"137-139,445",xsd:string
InternetGatewayDevice.X_HUAWEI_FireWall.FilterMode.3.AppFilter.4.Protocol,false,true,TCP/UDP,xsd:string
InternetGatewayDevice.X_HUAWEI_FireWall.FilterMode.3.AppFilter.4.Status,false,true,1,xsd:unsignedInt
InternetGatewayDevice.X_HUAWEI_FireWall.FilterMode.3.DosAttack,true,true,,
InternetGatewayDevice.X_HUAWEI_FireWall.FilterMode.3.DosAttack.ArpAttack,false,true,0,xsd:unsignedInt
InternetGatewayDevice.X_HUAWEI_FireWall.FilterMode.3.DosAttack.IcmpFlooding,false,true,0,xsd:unsignedInt
InternetGatewayDevice.X_HUAWEI_FireWall.FilterMode.3.DosAttack.SynFlooding,false,true,0,xsd:unsignedInt
InternetGatewayDevice.X_HUAWEI_FireWall.FilterMode.3.IpFilter,true,true,,
InternetGatewayDevice.X_HUAWEI_FireWall.FilterMode.3.IpFilter.1,true,true,,
InternetGatewayDevice.X_HUAWEI_FireWall.FilterMode.3.IpFilter.1.DestIPEnd,false,true,,xsd:string
InternetGatewayDevice.X_HUAWEI_FireWall.FilterMode.3.IpFilter.1.DestIPStart,false,true,,xsd:string
InternetGatewayDevice.X_HUAWEI_FireWall.FilterMode.3.IpFilter.1.DestPortEnd,false,true,0,xsd:unsignedInt
InternetGatewayDevice.X_HUAWEI_FireWall.FilterMode.3.IpFilter.1.DestPortStart,false,true,0,xsd:unsignedInt
InternetGatewayDevice.X_HUAWEI_FireWall.FilterMode.3.IpFilter.1.Interface,false,true,ALL,xsd:string
InternetGatewayDevice.X_HUAWEI_FireWall.FilterMode.3.IpFilter.1.Name,false,true,Middle-Ip,xsd:string
InternetGatewayDevice.X_HUAWEI_FireWall.FilterMode.3.IpFilter.1.Priority,false,true,255,xsd:unsignedInt
InternetGatewayDevice.X_HUAWEI_FireWall.FilterMode.3.IpFilter.1.Protocol,false,true,ALL,xsd:string
InternetGatewayDevice.X_HUAWEI_FireWall.FilterMode.3.IpFilter.1.SourceIPEnd,false,true,,xsd:string
InternetGatewayDevice.X_HUAWEI_FireWall.FilterMode.3.IpFilter.1.SourceIPStart,false,true,,xsd:string
InternetGatewayDevice.X_HUAWEI_FireWall.FilterMode.3.IpFilter.1.SourcePortEnd,false,true,0,xsd:unsignedInt
InternetGatewayDevice.X_HUAWEI_FireWall.FilterMode.3.IpFilter.1.SourcePortStart,false,true,0,xsd:unsignedInt
InternetGatewayDevice.X_HUAWEI_FireWall.FilterMode.3.IpFilter.1.Status,false,true,2,xsd:unsignedInt
InternetGatewayDevice.X_HUAWEI_FireWall.FilterMode.3.Level,false,true,Medium,xsd:string
InternetGatewayDevice.X_HUAWEI_FireWall.FilterMode.3.MacFilter,true,true,,
InternetGatewayDevice.X_HUAWEI_FireWall.FilterMode.3.MacFilterPolicy,false,true,false,xsd:boolean
InternetGatewayDevice.X_HUAWEI_FireWall.FilterMode.3.Revisable,false,true,2,xsd:unsignedInt
InternetGatewayDevice.X_HUAWEI_FireWall.FilterMode.3.TotalNumberOfEntries,false,false,3,xsd:unsignedInt
InternetGatewayDevice.X_HUAWEI_FireWall.FilterMode.3.UrlFilter,true,true,,
InternetGatewayDevice.X_HUAWEI_FireWall.FilterMode.3.UrlFilterPolicy,false,true,false,xsd:boolean
InternetGatewayDevice.X_HUAWEI_FireWall.FilterMode.4,true,true,,
InternetGatewayDevice.X_HUAWEI_FireWall.FilterMode.4.ACL,true,true,,
InternetGatewayDevice.X_HUAWEI_FireWall.FilterMode.4.ACL.1,true,true,,
InternetGatewayDevice.X_HUAWEI_FireWall.FilterMode.4.ACL.1.X_HUAWEI_Direction,false,true,LAN,xsd:string
InternetGatewayDevice.X_HUAWEI_FireWall.FilterMode.4.ACL.1.X_HUAWEI_EndIpAddr,false,true,,xsd:string
InternetGatewayDevice.X_HUAWEI_FireWall.FilterMode.4.ACL.1.X_HUAWEI_Service,false,true,HTTP,xsd:string
InternetGatewayDevice.X_HUAWEI_FireWall.FilterMode.4.ACL.1.X_HUAWEI_StartIpAddr,false,true,,xsd:string
InternetGatewayDevice.X_HUAWEI_FireWall.FilterMode.4.ACL.2,true,true,,
InternetGatewayDevice.X_HUAWEI_FireWall.FilterMode.4.ACL.2.X_HUAWEI_Direction,false,true,LAN,xsd:string
InternetGatewayDevice.X_HUAWEI_FireWall.FilterMode.4.ACL.2.X_HUAWEI_EndIpAddr,false,true,,xsd:string
InternetGatewayDevice.X_HUAWEI_FireWall.FilterMode.4.ACL.2.X_HUAWEI_Service,false,true,ICMP,xsd:string
InternetGatewayDevice.X_HUAWEI_FireWall.FilterMode.4.ACL.2.X_HUAWEI_StartIpAddr,false,true,,xsd:string
InternetGatewayDevice.X_HUAWEI_FireWall.FilterMode.4.ACL.3,true,true,,
InternetGatewayDevice.X_HUAWEI_FireWall.FilterMode.4.ACL.3.X_HUAWEI_Direction,false,true,LAN,xsd:string
InternetGatewayDevice.X_HUAWEI_FireWall.FilterMode.4.ACL.3.X_HUAWEI_EndIpAddr,false,true,,xsd:string
InternetGatewayDevice.X_HUAWEI_FireWall.FilterMode.4.ACL.3.X_HUAWEI_Service,false,true,TELNET,xsd:string
InternetGatewayDevice.X_HUAWEI_FireWall.FilterMode.4.ACL.3.X_HUAWEI_StartIpAddr,false,true,,xsd:string
InternetGatewayDevice.X_HUAWEI_FireWall.FilterMode.4.ACL.4,true,true,,
InternetGatewayDevice.X_HUAWEI_FireWall.FilterMode.4.ACL.4.X_HUAWEI_Direction,false,true,WAN,xsd:string
InternetGatewayDevice.X_HUAWEI_FireWall.FilterMode.4.ACL.4.X_HUAWEI_EndIpAddr,false,true,,xsd:string
InternetGatewayDevice.X_HUAWEI_FireWall.FilterMode.4.ACL.4.X_HUAWEI_Service,false,true,ICMP,xsd:string
InternetGatewayDevice.X_HUAWEI_FireWall.FilterMode.4.ACL.4.X_HUAWEI_StartIpAddr,false,true,,xsd:string
InternetGatewayDevice.X_HUAWEI_FireWall.FilterMode.4.ACL.5,true,true,,
InternetGatewayDevice.X_HUAWEI_FireWall.FilterMode.4.ACL.5.X_HUAWEI_Direction,false,true,WAN,xsd:string
InternetGatewayDevice.X_HUAWEI_FireWall.FilterMode.4.ACL.5.X_HUAWEI_EndIpAddr,false,true,,xsd:string
InternetGatewayDevice.X_HUAWEI_FireWall.FilterMode.4.ACL.5.X_HUAWEI_Service,false,true,FTP,xsd:string
InternetGatewayDevice.X_HUAWEI_FireWall.FilterMode.4.ACL.5.X_HUAWEI_StartIpAddr,false,true,,xsd:string
InternetGatewayDevice.X_HUAWEI_FireWall.FilterMode.4.ACL.6,true,true,,
InternetGatewayDevice.X_HUAWEI_FireWall.FilterMode.4.ACL.6.X_HUAWEI_Direction,false,true,LAN,xsd:string
InternetGatewayDevice.X_HUAWEI_FireWall.FilterMode.4.ACL.6.X_HUAWEI_EndIpAddr,false,true,,xsd:string
InternetGatewayDevice.X_HUAWEI_FireWall.FilterMode.4.ACL.6.X_HUAWEI_Service,false,true,FTP,xsd:string
InternetGatewayDevice.X_HUAWEI_FireWall.FilterMode.4.ACL.6.X_HUAWEI_StartIpAddr,false,true,,xsd:string
InternetGatewayDevice.X_HUAWEI_FireWall.FilterMode.4.ACL.7,true,true,,
InternetGatewayDevice.X_HUAWEI_FireWall.FilterMode.4.ACL.7.X_HUAWEI_Direction,false,true,WAN,xsd:string
InternetGatewayDevice.X_HUAWEI_FireWall.FilterMode.4.ACL.7.X_HUAWEI_EndIpAddr,false,true,,xsd:string
InternetGatewayDevice.X_HUAWEI_FireWall.FilterMode.4.ACL.7.X_HUAWEI_Service,false,true,ACS,xsd:string
InternetGatewayDevice.X_HUAWEI_FireWall.FilterMode.4.ACL.7.X_HUAWEI_StartIpAddr,false,true,,xsd:string
InternetGatewayDevice.X_HUAWEI_FireWall.FilterMode.4.AppFilter,true,true,,
InternetGatewayDevice.X_HUAWEI_FireWall.FilterMode.4.DosAttack,true,true,,
InternetGatewayDevice.X_HUAWEI_FireWall.FilterMode.4.DosAttack.ArpAttack,false,true,0,xsd:unsignedInt
InternetGatewayDevice.X_HUAWEI_FireWall.FilterMode.4.DosAttack.IcmpFlooding,false,true,1,xsd:unsignedInt
InternetGatewayDevice.X_HUAWEI_FireWall.FilterMode.4.DosAttack.SynFlooding,false,true,0,xsd:unsignedInt
InternetGatewayDevice.X_HUAWEI_FireWall.FilterMode.4.IpFilter,true,true,,
InternetGatewayDevice.X_HUAWEI_FireWall.FilterMode.4.IpFilter.1,true,true,,
InternetGatewayDevice.X_HUAWEI_FireWall.FilterMode.4.IpFilter.1.DestIPEnd,false,true,,xsd:string
InternetGatewayDevice.X_HUAWEI_FireWall.FilterMode.4.IpFilter.1.DestIPStart,false,true,,xsd:string
InternetGatewayDevice.X_HUAWEI_FireWall.FilterMode.4.IpFilter.1.DestPortEnd,false,true,0,xsd:unsignedInt
InternetGatewayDevice.X_HUAWEI_FireWall.FilterMode.4.IpFilter.1.DestPortStart,false,true,0,xsd:unsignedInt
InternetGatewayDevice.X_HUAWEI_FireWall.FilterMode.4.IpFilter.1.Interface,false,true,br0,xsd:string
InternetGatewayDevice.X_HUAWEI_FireWall.FilterMode.4.IpFilter.1.Name,false,true,Low-Lan,xsd:string
InternetGatewayDevice.X_HUAWEI_FireWall.FilterMode.4.IpFilter.1.Priority,false,true,255,xsd:unsignedInt
InternetGatewayDevice.X_HUAWEI_FireWall.FilterMode.4.IpFilter.1.Protocol,false,true,ALL,xsd:string
InternetGatewayDevice.X_HUAWEI_FireWall.FilterMode.4.IpFilter.1.SourceIPEnd,false,true,,xsd:string
InternetGatewayDevice.X_HUAWEI_FireWall.FilterMode.4.IpFilter.1.SourceIPStart,false,true,,xsd:string
InternetGatewayDevice.X_HUAWEI_FireWall.FilterMode.4.IpFilter.1.SourcePortEnd,false,true,0,xsd:unsignedInt
InternetGatewayDevice.X_HUAWEI_FireWall.FilterMode.4.IpFilter.1.SourcePortStart,false,true,0,xsd:unsignedInt
InternetGatewayDevice.X_HUAWEI_FireWall.FilterMode.4.IpFilter.1.Status,false,true,1,xsd:unsignedInt
InternetGatewayDevice.X_HUAWEI_FireWall.FilterMode.4.IpFilter.2,true,true,,
InternetGatewayDevice.X_HUAWEI_FireWall.FilterMode.4.IpFilter.2.DestIPEnd,false,true,,xsd:string
InternetGatewayDevice.X_HUAWEI_FireWall.FilterMode.4.IpFilter.2.DestIPStart,false,true,,xsd:string
InternetGatewayDevice.X_HUAWEI_FireWall.FilterMode.4.IpFilter.2.DestPortEnd,false,true,0,xsd:unsignedInt
InternetGatewayDevice.X_HUAWEI_FireWall.FilterMode.4.IpFilter.2.DestPortStart,false,true,0,xsd:unsignedInt
InternetGatewayDevice.X_HUAWEI_FireWall.FilterMode.4.IpFilter.2.Interface,false,true,ALL,xsd:string
InternetGatewayDevice.X_HUAWEI_FireWall.FilterMode.4.IpFilter.2.Name,false,true,Low-All,xsd:string
InternetGatewayDevice.X_HUAWEI_FireWall.FilterMode.4.IpFilter.2.Priority,false,true,255,xsd:unsignedInt
InternetGatewayDevice.X_HUAWEI_FireWall.FilterMode.4.IpFilter.2.Protocol,false,true,ALL,xsd:string
InternetGatewayDevice.X_HUAWEI_FireWall.FilterMode.4.IpFilter.2.SourceIPEnd,false,true,,xsd:string
InternetGatewayDevice.X_HUAWEI_FireWall.FilterMode.4.IpFilter.2.SourceIPStart,false,true,,xsd:string
InternetGatewayDevice.X_HUAWEI_FireWall.FilterMode.4.IpFilter.2.SourcePortEnd,false,true,0,xsd:unsignedInt
InternetGatewayDevice.X_HUAWEI_FireWall.FilterMode.4.IpFilter.2.SourcePortStart,false,true,0,xsd:unsignedInt
InternetGatewayDevice.X_HUAWEI_FireWall.FilterMode.4.IpFilter.2.Status,false,true,2,xsd:unsignedInt
InternetGatewayDevice.X_HUAWEI_FireWall.FilterMode.4.Level,false,true,Low,xsd:string
InternetGatewayDevice.X_HUAWEI_FireWall.FilterMode.4.MacFilter,true,true,,
InternetGatewayDevice.X_HUAWEI_FireWall.FilterMode.4.MacFilterPolicy,false,true,false,xsd:boolean
InternetGatewayDevice.X_HUAWEI_FireWall.FilterMode.4.Revisable,false,true,2,xsd:unsignedInt
InternetGatewayDevice.X_HUAWEI_FireWall.FilterMode.4.TotalNumberOfEntries,false,false,9,xsd:unsignedInt
InternetGatewayDevice.X_HUAWEI_FireWall.FilterMode.4.UrlFilter,true,true,,
InternetGatewayDevice.X_HUAWEI_FireWall.FilterMode.4.UrlFilterPolicy,false,true,false,xsd:boolean
InternetGatewayDevice.X_HUAWEI_SyslogConfig,true,false,,
InternetGatewayDevice.X_HUAWEI_SyslogConfig.DisplayLevel,false,true,Error,xsd:string
InternetGatewayDevice.X_HUAWEI_SyslogConfig.Enable,false,true,false,xsd:boolean
InternetGatewayDevice.X_HUAWEI_SyslogConfig.Level,false,true,Debug,xsd:string
InternetGatewayDevice.X_HUAWEI_SyslogConfig.LogServerEnable,false,true,false,xsd:boolean
InternetGatewayDevice.X_HUAWEI_SyslogConfig.MainServer,false,true,,xsd:string
InternetGatewayDevice.X_HUAWEI_SyslogConfig.MainServerPort,false,true,514,xsd:unsignedInt
InternetGatewayDevice.X_HUAWEI_SyslogConfig.MinorServer,false,true,,xsd:string
InternetGatewayDevice.X_HUAWEI_SyslogConfig.MinorServerPort,false,true,514,xsd:unsignedInt
